city,region,org_name,address,schedule_text,rrule,start_time,duration_min,phone,url,requirements,distribution_type,notes
Alexander,Central Arkansas,Alexander First Baptist Church Food Pantry,"Alexander, AR 72002","Thursdays, 9:00-11:00 AM",RRULE:FREQ=WEEKLY;BYDAY=TH,09:00,120,501-455-1263,https://www.foodpantries.org/ci/ar-bryant,Driver license/photo ID; Social Security card for occupants; North Central Saline residents,walk-in,Street address not published in source.
Alexander,Central Arkansas,Alexander First Baptist Church Food Pantry,"Alexander, AR 72002","Thursdays, 6:00-8:00 PM",RRULE:FREQ=WEEKLY;BYDAY=TH,18:00,120,501-455-1263,https://www.foodpantries.org/ci/ar-bryant,Driver license/photo ID; Social Security card for occupants; North Central Saline residents,walk-in,Street address not published in source.
Arkadelphia,Central Arkansas,Antioch Baptist Food Pantry,"1455 Hearn Rd, Arkadelphia, AR 71923","Sundays, 10:00 AM-2:00 PM",RRULE:FREQ=WEEKLY;BYDAY=SU,10:00,240,870-245-3333,https://www.foodpantries.org/li/Ar-antioch_baptist_food_pantry_arkadelphia,Clark County families in need; not stated,walk-in,Food assistance also listed Wednesday and Saturday.
Arkadelphia,Central Arkansas,Antioch Baptist Food Pantry,"1455 Hearn Rd, Arkadelphia, AR 71923","Wednesdays, 10:00 AM-1:00 PM",RRULE:FREQ=WEEKLY;BYDAY=WE,10:00,180,870-245-3333,https://www.foodpantries.org/li/Ar-antioch_baptist_food_pantry_arkadelphia,Clark County families in need; not stated,walk-in,
Arkadelphia,Central Arkansas,Antioch Baptist Food Pantry,"1455 Hearn Rd, Arkadelphia, AR 71923","Saturdays, 10:00 AM-1:00 PM",RRULE:FREQ=WEEKLY;BYDAY=SA,10:00,180,870-245-3333,https://www.foodpantries.org/li/Ar-antioch_baptist_food_pantry_arkadelphia,Clark County families in need; not stated,walk-in,
Arkadelphia,Central Arkansas,Cedar Grove Baptist Church Food Pantry,"Cedar Grove Rd, Arkadelphia, AR 71923","Monday-Friday, 8:00 AM-12:00 PM","RRULE:FREQ=WEEKLY;BYDAY=MO,TU,WE,TH,FR",08:00,240,870-245-3794,https://www.foodpantries.org/li/cedar_grove_baptist_church_71923,Driver license or photo ID,walk-in,Street address not published beyond Cedar Grove Road.
Arkadelphia,Central Arkansas,Clark County Ecumenical Food Pantry,"107 N 9th St, Arkadelphia, AR 71923","3rd Tuesday, 3:00-5:30 PM",RRULE:FREQ=MONTHLY;BYDAY=3TU,15:00,150,870-230-3716,https://search.arkansas211.org/search/21f02b65-ec6c-5a0a-b352-e1287463fcaa,Picture ID; Clark County residents,drive-thru,Lines form at 2 PM; one box per household; intake registration may be completed at distribution.
Arkadelphia,Central Arkansas,Community Family Enrichment Center Food Pantry,"301 N 23rd St, Arkadelphia, AR 71923","Tuesdays and Wednesdays, 10:30 AM-1:00 PM","RRULE:FREQ=WEEKLY;BYDAY=TU,WE",10:30,150,870-246-5675,https://www.freefood.org/l/ar_71923_community-family-enrichment-center,not stated,walk-in,
Arkadelphia,Central Arkansas,Fellowship Church Baptist Church Food Pantry,"2401 Pine St, Arkadelphia, AR 71923","Monday-Friday, 8:00 AM-12:00 PM","RRULE:FREQ=WEEKLY;BYDAY=MO,TU,WE,TH,FR",08:00,240,870-403-8197,https://www.foodpantries.org/li/fellowship_church_baptist_church_71923,Driver license or photo ID; low-income families/individuals,walk-in,
Bald Knob,Central Arkansas,New Bethel General Baptist Church Food Pantry,"Bald Knob, AR 72010","3rd Saturday, 9:00-11:00 AM",RRULE:FREQ=MONTHLY;BYDAY=3SA,09:00,120,501-724-6326,https://www.foodpantries.org/co/ar-white,Photo ID; Bald Knob residents,walk-in,Street address not published in source.
Bald Knob,Central Arkansas,Pleasant Grove Baptist Church Food Pantry,"Bald Knob, AR 72010","Tuesdays and Thursdays, 1:00-4:00 PM","RRULE:FREQ=WEEKLY;BYDAY=TU,TH",13:00,180,501-724-6139,https://www.foodpantries.org/co/ar-white,not stated,walk-in,Street address not published in source.
Bald Knob,Central Arkansas,"The Extra Mile Food Pantry, Central Baptist Church","1507 W Center St, Bald Knob, AR 72010","2nd Saturday, 9:00-10:00 AM",RRULE:FREQ=MONTHLY;BYDAY=2SA,09:00,60,501-724-5316,https://www.centralbaptistbk.net/the_extra_mile_food_pantry,All welcome,walk-in,USDA distribution site.
Batesville,Central Arkansas,Batesville Help & Hope,"2622 E Main St, Batesville, AR 72501","Monday, Wednesday and Friday, 8:00 AM-12:00 PM","RRULE:FREQ=WEEKLY;BYDAY=MO,WE,FR",08:00,240,870-793-9181,https://www.whiterivernow.com/2025/09/08/help-hope-feeds-2000-a-month-but-faces-major-donation-shortfall/,"Proof of residency, income and photo ID; once per month",walk-in,No appointment; families can come once a month.
Batesville,Central Arkansas,Cedar Ridge Food Pantry,"90 Cook Rd, Oil Trough, AR 72564","Tuesdays, 9:00 AM-12:00 PM",RRULE:FREQ=WEEKLY;BYDAY=TU,09:00,180,870-251-1605,https://www.serve.love/resources/food-pantries/batesville-ar/,Photo ID; Independence County residents,walk-in,
Batesville,Central Arkansas,Cedar Ridge Food Pantry,"90 Cook Rd, Oil Trough, AR 72564","Thursdays, 3:00-6:00 PM",RRULE:FREQ=WEEKLY;BYDAY=TH,15:00,180,870-251-1605,https://www.serve.love/resources/food-pantries/batesville-ar/,Photo ID; Independence County residents,walk-in,
Batesville,Central Arkansas,Southside 4-H Food Pantry,"2420A Batesville Blvd, Batesville, AR 72501","Thursdays, 4:00-6:00 PM",RRULE:FREQ=WEEKLY;BYDAY=TH,16:00,120,501-412-4934,https://batesvilletribune.com/local-food-pantries-open-to-serve-independence-county-families/,not stated,walk-in,
Batesville,Central Arkansas,White Drive Baptist Church Food Pantry,"445 White Dr, Batesville, AR 72501","Tuesdays, 10:00-11:30 AM",RRULE:FREQ=WEEKLY;BYDAY=TU,10:00,90,870-698-1211,https://www.whitedrivebaptist.org/foodpantryministry,Photo ID for registration/sign-in,walk-in,Walk-in pantry; current posts say households may visit once every two weeks.
Beebe,Central Arkansas,Beebe Christian Outreach Center,"101 Hwy 64 W, Beebe, AR 72012","Tuesday, Thursday and Saturday, 8:00 AM-12:00 PM","RRULE:FREQ=WEEKLY;BYDAY=TU,TH,SA",08:00,240,501-882-3342,https://www.foodpantries.org/li/beebe_christian_outreach_center_72012,Beebe school district residents; photo ID,walk-in,
Beebe,Central Arkansas,Mount Arratt Baptist Church Food Pantry,"908 N Beech St, Beebe, AR 72012","2nd Saturday, 7:00 AM-1:00 PM",RRULE:FREQ=MONTHLY;BYDAY=2SA,07:00,360,501-882-6260,https://www.foodpantries.org/co/ar-white,Photo ID,walk-in,
Benton,Central Arkansas,Benton Seventh-day Adventist Church Food Pantry,"2615 Lincoln Rd, Benton, AR 72019","3rd Thursday, 9:00 AM-12:00 PM",RRULE:FREQ=MONTHLY;BYDAY=3TH,09:00,180,501-778-0641,https://bentonar.adventistchurch.org/ministries/food-pantry-ministry/,Photo ID; anyone in community,walk-in,Emergency food requests between monthly distributions require contacting church.
Benton,Central Arkansas,Churches Joint Council on Human Needs (CJCOHN),"103 E Elm St, Benton, AR 72015","1st and 3rd Wednesdays, 10:00 AM-2:00 PM","RRULE:FREQ=MONTHLY;BYDAY=1WE,3WE",10:00,240,501-776-2912,https://www.foodpantries.org/li/churches_joint_council_on_human_needs_(cjcohn)_72015,Saline County residents meeting income requirements,drive-thru,"Clothing, toiletries and prescription assistance may also be available."
Benton,Central Arkansas,Johnson Street Church of Christ Food Pantry,"Benton, AR 72015","Tuesdays and Thursdays, 1:00-3:00 PM","RRULE:FREQ=WEEKLY;BYDAY=TU,TH",13:00,120,501-315-9034,https://www.foodpantries.org/li/johnson_street_church_of_christ_72015,Photo ID,walk-in,Street address not published in source.
Benton,Central Arkansas,Mount Zion Missionary Baptist Church Food Pantry,"1305 S East St, Benton, AR 72015","3rd Saturday, 10:00 AM-2:00 PM",RRULE:FREQ=MONTHLY;BYDAY=3SA,10:00,240,501-778-1422,https://www.foodpantries.org/li/mount_zion_missionary_baptist_church_benton_72015,Photo ID,walk-in,
Benton,Central Arkansas,Northside Church of Christ Food Pantry,"917 NE St, Benton, AR 72015","Monday-Wednesday, 1:30-3:00 PM","RRULE:FREQ=WEEKLY;BYDAY=MO,TU,WE",13:30,90,501-315-1128,https://www.foodpantries.org/co/ar-saline,Photo ID plus current utility bill/lease; Saline County residents,walk-in,Rear of metal building facing Military Road.
Bryant,Central Arkansas,Bryant First Southern Baptist Church Food Pantry,"604 S Reynolds Rd, Bryant, AR 72022","2nd Saturday, 9:00-11:00 AM",RRULE:FREQ=MONTHLY;BYDAY=2SA,09:00,120,501-847-3014,https://www.foodpantries.org/li/bryant_first_southern_baptist_church_72022,Photo ID; proof of income,walk-in,
Cabot,Central Arkansas,Briarwood Baptist Church Food Pantry,"1872 Willie Ray Dr, Cabot, AR 72023","2nd Monday, 8:00 AM-12:00 PM",RRULE:FREQ=MONTHLY;BYDAY=2MO,08:00,240,501-941-2337,https://www.arkansasfoodbanks.org/food-bank/briarwood-baptist-church-cabot-food-pantry/,not stated,walk-in,
Cabot,Central Arkansas,Cabot United Methodist Church,,"Tuesday, 9 AM-12 PM",RRULE:FREQ=WEEKLY;BYDAY=TU,09:00,180,501-843-3541,https://www.foodpantries.org/ci/ar-cabot,Lonoke County residents,walk-in,Included for eastern Lonoke-adjacent area.
Cabot,Central Arkansas,"FirstCARE, First Baptist Church Cabot","404 W Olive St, Cabot, AR 72023","Mondays and Thursdays, 9:00 AM-2:00 PM","RRULE:FREQ=WEEKLY;BYDAY=MO,TH",09:00,300,501-941-7893,https://fbccabot.org/firstcare,"Cabot, Austin or Ward residents; transient/homeless also served",walk-in,Food available monthly; source also lists Tuesday evening hours.
Cabot,Central Arkansas,"FirstCARE, First Baptist Church Cabot","404 W Olive St, Cabot, AR 72023","Tuesdays, 5:00-7:00 PM",RRULE:FREQ=WEEKLY;BYDAY=TU,17:00,120,501-941-7893,https://fbccabot.org/firstcare,"Cabot, Austin or Ward residents; transient/homeless also served",walk-in,Food available monthly; source also lists Monday/Thursday daytime hours.
Cabot,Central Arkansas,Hope's Closet & Pantry,"2535 S Rockwood Dr, Cabot, AR 72023","Tuesdays, 9:30 AM-1:00 PM",RRULE:FREQ=WEEKLY;BYDAY=TU,09:30,210,501-628-7173,https://www.foodpantries.org/li/hopes-closet-pantry,Lonoke County residents,walk-in,
Center Ridge,Central Arkansas,Center Ridge Food Pantry,"Hwy 9 and Hwy 124, Center Ridge, AR 72027","2nd and 4th Tuesdays, 11:00 AM-2:00 PM","RRULE:FREQ=MONTHLY;BYDAY=2TU,4TU",11:00,180,501-208-2081,https://www.conwaycounty.guide/pantries,ID and proof of residency,walk-in,Street number not published.
Choctaw,Central Arkansas,Choctaw Food Bank,"201 AR-330 Hwy E, Choctaw, AR 72028","Wednesdays, 9:00 AM-5:00 PM",RRULE:FREQ=WEEKLY;BYDAY=WE,09:00,480,501-253-7987,https://fcl.org/community-resources/page/117/van-buren-county-resources,Photo ID and proof of residency,walk-in,
Clinton,Central Arkansas,Van Buren County Foods for Life,"599 Hwy 65B, Clinton, AR 72031","Tuesdays and Fridays, 10:00 AM-3:00 PM","RRULE:FREQ=WEEKLY;BYDAY=TU,FR",10:00,300,501-745-2332,https://www.foodpantries.org/li/van-buren-county-foods-for-life,Van Buren County residents,walk-in,
Conway,Central Arkansas,Antioch Conway Food Pantry,"110 Amity Rd, Conway, AR 72032","Thursdays, 10:00-11:00 AM",RRULE:FREQ=WEEKLY;BYDAY=TH,10:00,60,501-329-5153,https://antiochconway.com/care,Photo ID,walk-in,Enter through doors facing Middle Road.
Conway,Central Arkansas,Antioch Conway Food Pantry,"110 Amity Rd, Conway, AR 72032","Thursdays, 6:30-7:30 PM",RRULE:FREQ=WEEKLY;BYDAY=TH,18:30,60,501-329-5153,https://antiochconway.com/care,Photo ID,walk-in,Enter through doors facing Middle Road.
Conway,Central Arkansas,Arkansas Community Advocates Sunday Food Distribution,"1900 Tyler St, Conway, AR 72032","Sundays, 7:00-8:30 PM",RRULE:FREQ=WEEKLY;BYDAY=SU,19:00,90,501-327-7482,https://fcl.libnet.info/event/13786684,No questions/no requirements,mobile pantry,West side of library; distribution ends at 8:30 PM or when supplies run out; last Sunday location varies.
Conway,Central Arkansas,Central Baptist Church Food Pantry,"3333 Dave Ward Dr, Conway, AR 72034","1st and 3rd Mondays, 2:00-5:00 PM","RRULE:FREQ=MONTHLY;BYDAY=1MO,3MO",14:00,180,501-329-9283,https://fcl.org/community-resources/page/105/conway-food-pantries-meals,Photo ID and proof of address; Faulkner or Perry County residents,walk-in,
Conway,Central Arkansas,Conway Ministry Center The Storehouse,"225 E Robins St, Conway, AR 72032","Monday, Wednesday and Thursday, 12:00-3:00 PM","RRULE:FREQ=WEEKLY;BYDAY=MO,WE,TH",12:00,180,501-358-6098,https://www.conwayministrycenter.org/what-we-do-1,ID; walk-up access at 2:30 PM is first seven clients only,walk-in,"Appointments are available, but walk-ups are accepted at 2:30 PM while availability lasts; homeless clients may shop during open hours."
Conway,Central Arkansas,Grace United Methodist Church Food Pantry,"1075 Hogan Ln, Conway, AR 72034","1st and 3rd Wednesdays, 1:00-5:00 PM","RRULE:FREQ=MONTHLY;BYDAY=1WE,3WE",13:00,240,501-329-6056,https://fcl.org/community-resources/page/105/conway-food-pantries-meals,Proof of identification,walk-in,May pick up once a month.
Conway,Central Arkansas,Greater Pleasant Branch Food Pantry,"601 Spruce St, Conway, AR 72032","Tuesdays, 6:00-7:00 PM",RRULE:FREQ=WEEKLY;BYDAY=TU,18:00,60,501-327-2164,https://greaterpleasantbranch.org/index.php/food-bank/,none stated,walk-in,Client-choice fresh food and prepared items; availability varies.
Conway,Central Arkansas,Greater Pleasant Branch Food Pantry,"601 Spruce St, Conway, AR 72032","1st Saturday, 8:00-11:00 AM",RRULE:FREQ=MONTHLY;BYDAY=1SA,08:00,180,501-327-2164,https://greaterpleasantbranch.org/index.php/food-bank/,none stated,drive-thru,Prepared food boxes; availability varies.
Conway,Central Arkansas,Salem UMC Loaves and Fishes Food Pantry,"1018 Salem Rd, Conway, AR 72034","Thursdays, 1:00-3:00 PM",RRULE:FREQ=WEEKLY;BYDAY=TH,13:00,120,501-327-2884,https://search.arkansas211.org/search/08b67b2f-14f8-5d80-b70c-1eb43e5eab9d,Photo ID; one box per 30 days,walk-in,No appointment necessary; except holidays.
Conway,Central Arkansas,Soul Food Cafe Mission,"1717 S Donaghey Ave, Conway, AR 72034","Tuesdays, 9:00 AM-3:00 PM",RRULE:FREQ=WEEKLY;BYDAY=TU,09:00,360,501-575-2929,https://www.soulfoodcafemission.org/,"none; equal-opportunity, no precondition",walk-in,"Food boxes, hot meals, clothing, haircuts and hygiene items."
Conway,Central Arkansas,St. Peter's Episcopal Church Food Pantry,"925 Mitchell St, Conway, AR 72034","1st and 3rd Saturdays, 9:00 AM-12:00 PM","RRULE:FREQ=MONTHLY;BYDAY=1SA,3SA",09:00,180,501-329-8174,https://fcl.org/community-resources/page/105/conway-food-pantries-meals,Photo ID and proof of address,walk-in,One box per family per month.
Damascus,Central Arkansas,The Station at Damascus,"114 Tindall Ave, Damascus, AR 72039","Wednesdays, 8:00-11:00 AM",RRULE:FREQ=WEEKLY;BYDAY=WE,08:00,180,501-733-0488,https://fcl.org/community-resources/page/117/van-buren-county-resources,not stated,walk-in,Check Facebook for updates.
Fairfield Bay,Central Arkansas,Heart of the Bay Pantry,"385 Dave Creek Pkwy, Fairfield Bay, AR 72088","Wednesdays, 10:00 AM-2:00 PM",RRULE:FREQ=WEEKLY;BYDAY=WE,10:00,240,,https://fcl.org/community-resources/page/117/van-buren-county-resources,not stated,walk-in,Check Facebook for updated information.
Fairfield Bay,Central Arkansas,Heart of the Bay Pantry,"385 Dave Creek Pkwy, Fairfield Bay, AR 72088","Fridays, 12:00-6:00 PM",RRULE:FREQ=WEEKLY;BYDAY=FR,12:00,360,,https://fcl.org/community-resources/page/117/van-buren-county-resources,not stated,walk-in,Check Facebook for updated information.
Greenbrier,Central Arkansas,Bethlehem Baptist Church Food Pantry,"505 State Hwy 225 W, Greenbrier, AR 72058","1st and 3rd Mondays, 9:00 AM-12:00 PM","RRULE:FREQ=MONTHLY;BYDAY=1MO,3MO",09:00,180,501-679-4464,https://fcl.org/community-resources/page/111/greenbrier-resources,Photo ID; Faulkner County residents,walk-in,
Greenbrier,Central Arkansas,Greenbrier Church of Christ Food Pantry,"12 Wilson Farm Rd, Greenbrier, AR 72058","2nd Thursday, 12:00-1:30 PM",RRULE:FREQ=MONTHLY;BYDAY=2TH,12:00,90,501-679-3647,https://gbcofc.com/,Photo ID,walk-in,Church schedule confirms 2nd Thursday.
Greenbrier,Central Arkansas,Greenbrier Community Food Giveaway,"Dollar Tree parking lot, 57 S Broadview St, Greenbrier, AR 72058","3rd Saturday, 9:00-10:30 AM",RRULE:FREQ=MONTHLY;BYDAY=3SA,09:00,90,501-581-5067,https://www.conwayregional.org/docs/default-source/default-document-library/food-pantry-faulkner-co.pdf,Bring photo ID; details may vary,mobile pantry,While supplies last.
Greenbrier,Central Arkansas,Greenbrier First United Methodist Church Food Pantry,"2 Tyler St, Greenbrier, AR 72058","Monday-Friday, 10:00 AM-2:00 PM","RRULE:FREQ=WEEKLY;BYDAY=MO,TU,WE,TH,FR",10:00,240,501-679-2452,https://fcl.org/community-resources/page/111/greenbrier-resources,Faulkner County residents,walk-in,Assistance limited to six times per year.
Gurdon,Central Arkansas,Beech Street Baptist Church Food Pantry,"1305 E Main St, Gurdon, AR 71743","Monday-Friday, 8:00 AM-4:30 PM","RRULE:FREQ=WEEKLY;BYDAY=MO,TU,WE,TH,FR",08:00,510,870-353-4971,https://www.foodpantries.org/ci/ar-gurdon,Driver license or photo ID; Gurdon residents,walk-in,
Gurdon,Central Arkansas,Center Point Baptist Church Food Pantry,"1438 Hwy 53 N, Gurdon, AR 71743","Monday-Friday, 8:00 AM-12:00 PM","RRULE:FREQ=WEEKLY;BYDAY=MO,TU,WE,TH,FR",08:00,240,501-865-2298,https://foodpantries.org/li/center_point_baptist_church_71743,Driver license or photo ID,walk-in,
Heber Springs,Central Arkansas,Cleburne County Cares Food Pantry,"2016 Hwy 25B N, Heber Springs, AR 72543","Monday, Wednesday and Friday, 9:00 AM-2:30 PM","RRULE:FREQ=WEEKLY;BYDAY=MO,WE,FR",09:00,330,501-362-8486,https://arkansasradio.com/2025/10/cleburne-county-cares-food-pantry-designated-as-emergency-response-pantry/,not stated,walk-in,Emergency Response Pantry; crisis assistance.
Heber Springs,Central Arkansas,First Assembly of God Food Pantry,"1009 W Searcy St, Heber Springs, AR 72543","Thursdays, 9:00 AM-12:00 PM",RRULE:FREQ=WEEKLY;BYDAY=TH,09:00,180,501-362-3379,https://www.foodpantries.org/ci/ar-heber_springs,ID needed per directory,walk-in,Directory also lists a 1-4 PM session; schedule may vary.
Hot Springs,Central Arkansas,Community Services Office Food Pantry,"2254 Albert Pike Rd, Hot Springs, AR 71913","Tuesdays and Thursdays, 9:00 AM-4:00 PM","RRULE:FREQ=WEEKLY;BYDAY=TU,TH",09:00,420,501-624-5724,https://csoark.org/food-assistance/,"Photo ID, proof of Garland County residency, proof of income",walk-in,TEFAP pantry; eligibility income limits apply.
Hot Springs,Central Arkansas,Harvey's Chapel Baptist Church Food Pantry,"2515 Mountain Pine Rd, Hot Springs, AR 71901","Wednesdays, 9:00-11:15 AM",RRULE:FREQ=WEEKLY;BYDAY=WE,09:00,135,501-767-5541,https://occnet.org/our-programs/community-resource-directory/garland-co.html/title/food,Photo ID required at all food pantries (county directory),walk-in,
Hot Springs,Central Arkansas,Lake Hamilton Assembly of God Food Pantry,"2251 Airport Rd, Hot Springs, AR 71913","2nd and 4th Wednesdays, 9:00 AM-12:00 PM","RRULE:FREQ=MONTHLY;BYDAY=2WE,4WE",09:00,180,501-767-7851,https://www.foodpantries.org/ci/ar-hot_springs,not stated,mobile pantry,
Hot Springs,Central Arkansas,Piney Grove Church Food Pantry,"2963 Airport Rd, Hot Springs, AR 71913","Tuesdays and Thursdays, 12:00-4:00 PM","RRULE:FREQ=WEEKLY;BYDAY=TU,TH",12:00,240,501-767-4765,https://findhelp.org/piney-grove-united-methodist-church--hot-springs-ar--food-pantry/6428194737225728?postal=71956,Arkansas photo ID/driver license; Lake Hamilton School District residents west of Hwy 70W bridge,walk-in,May visit once every 30 days.
Hot Springs,Central Arkansas,Royal First Baptist Church Food Pantry,"7402 Albert Pike Rd, Hot Springs, AR 71913","3rd Saturday, 10:00 AM-1:00 PM",RRULE:FREQ=MONTHLY;BYDAY=3SA,10:00,180,501-520-9165,https://www.garlandcounty.org/DocumentCenter/View/7319/Food-Service-Directory-Of-Garland-County-Arkansas-2024?bidId=,Lake Hamilton and Mountain Pine School District residents only; photo ID,walk-in,
Hot Springs,Central Arkansas,St. Mary's Food Pantry,"100 Central Ave, Hot Springs, AR 71901","Mondays, 10:00-11:30 AM (except holidays)",RRULE:FREQ=WEEKLY;BYDAY=MO,10:00,90,501-623-3233,https://www.stmaryofthesprings.com/outreach-ministries,Valid photo ID,walk-in,Open to public; assistance up to 12 times per year.
Hot Springs,Central Arkansas,Trinity Church Oasis Food Pantry,"670 Panama St, Hot Springs, AR 71913","Tuesdays, 1:00-3:00 PM",RRULE:FREQ=WEEKLY;BYDAY=TU,13:00,120,501-624-6453,https://www.foodpantries.org/ci/ar-hot_springs,Photo ID; valid ID/proof of residency may be requested,walk-in,No appointment needed; up to 6 visits per calendar year per directory.
Hot Springs,Central Arkansas,Visitors Chapel AME Church Food Pantry,"319 Church St, Hot Springs, AR 71901","Thursdays, 10:00 AM-2:00 PM",RRULE:FREQ=WEEKLY;BYDAY=TH,10:00,240,501-623-2975,https://www.freefood.org/l/ar_71901_visitors-chapel-ame-church-food-pantry,none stated,walk-in,Emergency food may be available after hours by calling; hot meals 3rd Saturday.
Hot Springs Village,Central Arkansas,Faith Fellowship Church Food Pantry,"3213 N Hwy 7, Hot Springs Village, AR 71909","2nd Wednesday, 9:00 AM-12:00 PM",RRULE:FREQ=MONTHLY;BYDAY=2WE,09:00,180,501-651-0484,http://ffc-ar.com/faith-fellowship-food-pantry/,"Residents of ZIPs 71901, 71949 and 71989",walk-in,Qualifying residents may use pantry once a month.
Hot Springs Village,Central Arkansas,Faith Fellowship Church Food Pantry,"3213 N Hwy 7, Hot Springs Village, AR 71909","4th Wednesday, 9:00 AM-12:00 PM",RRULE:FREQ=MONTHLY;BYDAY=4WE,09:00,180,501-651-0484,http://ffc-ar.com/faith-fellowship-food-pantry/,"Residents of ZIPs 71909, 71910, 71913, 71933, 71956, 71964, 71968 and 72087",walk-in,Qualifying residents may use pantry once a month.
Jacksonville,Central Arkansas,Jacksonville Care Channel,"201 N Elm St, Jacksonville, AR 72076","Monday, Wednesday and Friday, 10:00 AM-1:00 PM","RRULE:FREQ=WEEKLY;BYDAY=MO,WE,FR",10:00,180,501-982-4647,https://www.sherwoodar.gov/DocumentCenter/View/349,Jacksonville ZIP 72076 residents; must receive SNAP; ID/household documents and benefit letter,walk-in,Bring proof of residency and program eligibility.
Little Rock,Central Arkansas,Barrow Road Church of Christ Food Pantry,"900 John Barrow Rd, Little Rock, AR 72205","Wednesdays, 9:00 AM-2:00 PM",RRULE:FREQ=WEEKLY;BYDAY=WE,09:00,300,501-225-2302,https://www.freefood.org/l/ar_72205_barrow-road-church-of-christ-food-pantry,"Photo ID, proof of income, Social Security card; listed ZIP/service restrictions may apply",walk-in,Directory notes service to Pulaski County and specified Little Rock ZIP codes.
Little Rock,Central Arkansas,Bethesda Missionary Baptist Food Pantry,"1316 S Brown St, Little Rock, AR 72204","Tuesdays, 9:00 AM-4:00 PM",RRULE:FREQ=WEEKLY;BYDAY=TU,09:00,420,501-666-2974,https://www.freefood.org/l/ar_72204_bethesda-missionary-baptist,not stated,walk-in,
Little Rock,Central Arkansas,Christ Temple Outreach Center,"1923 S Arch St, Little Rock, AR 72206","Monday-Friday, 9:00 AM-3:30 PM (Tuesday/Thursday 10:00 AM-2:00 PM)","RRULE:FREQ=WEEKLY;BYDAY=MO,TU,WE,TH,FR",09:00,390,501-376-1664,https://www.foodpantries.org/li/christ_temple_outreach_center_72206,Photo ID; proof of income; mainly 72206 but no one turned away,walk-in,Tuesday/Thursday hours are shorter than other weekdays.
Little Rock,Central Arkansas,First Christian Church Food Pantry,"1500 N Mississippi St, Little Rock, AR 72207","Fridays, 10:30 AM-12:00 PM",RRULE:FREQ=WEEKLY;BYDAY=FR,10:30,90,501-225-5656,https://www.freefood.org/l/ar_72207_first-christian-church-little-rock,Driver license/photo ID/Social Security card,walk-in,
Little Rock,Central Arkansas,Geyer Springs United Methodist Church Food Pantry,"5500 Geyer Springs Rd, Little Rock, AR 72209","1st and 3rd Thursdays, 8:30-11:30 AM","RRULE:FREQ=MONTHLY;BYDAY=1TH,3TH",08:30,180,,https://www.arkansasonline.com/news/2025/nov/04/list-of-food-resources/,Photo ID,drive-thru,Drive-through only.
Little Rock,Central Arkansas,Grace Presbyterian Church Food Pantry,"9301 N Rodney Parham Rd, Little Rock, AR 72227","1st and 3rd Thursdays, 5:00-7:00 PM","RRULE:FREQ=MONTHLY;BYDAY=1TH,3TH",17:00,120,501-225-3274,https://www.gracelr.org/mission-programs-and-projects/food-pantry,Photo ID; no ZIP limitations,drive-thru,First-come/first-served; may pick up twice monthly. Walk/bike welcome.
Little Rock,Central Arkansas,Highland Valley UMC Warehouse Food Pantry,"15524 Chenal Parkway, Little Rock, AR 72211","Wednesdays, 3:00-6:00 PM",RRULE:FREQ=WEEKLY;BYDAY=WE,15:00,180,501-224-6047,https://www.hvumc.org/pantry.html,None; all welcome,walk-in,Community meal also served Wednesdays at 5:30 PM during school year.
Little Rock,Central Arkansas,His Love Food Pantry,"9701 W Markham St, Little Rock, AR 72205","Tuesdays, 1:30-4:00 PM",RRULE:FREQ=WEEKLY;BYDAY=TU,13:30,150,501-376-3071,https://www.freefood.org/l/ar_72205_his-love-food-pantry,Driver license or photo ID,walk-in,
Little Rock,Central Arkansas,Immanuel Outreach Church,"1123 Welch St, Little Rock, AR 72202","Saturdays, 11:00 AM-1:00 PM",RRULE:FREQ=WEEKLY;BYDAY=SA,11:00,120,501-301-8292,https://www.foodpantries.org/li/immanuel_outreach_church_72202,Photo ID; proof of income,walk-in,
Little Rock,Central Arkansas,Lifeline Baptist Church Food Pantry,"7601 Baseline Rd, Little Rock, AR 72209","Thursdays, 9:00-11:00 AM",RRULE:FREQ=WEEKLY;BYDAY=TH,09:00,120,501-568-5433,https://www.foodpantries.org/li/lifeline_baptist_church_72209,not stated,walk-in,
Little Rock,Central Arkansas,Mount Zion Baptist Church Food Pantry,"908 Cross St, Little Rock, AR 72202","Wednesdays, 11:00 AM-12:00 PM",RRULE:FREQ=WEEKLY;BYDAY=WE,11:00,60,501-374-5832,https://www.foodpantries.org/li/mount_zion_baptist_church_72202,not stated,walk-in,
Little Rock,Central Arkansas,Mount Zion Baptist Church Food Pantry,"908 Cross St, Little Rock, AR 72202","Saturdays, 11:00 AM-1:00 PM",RRULE:FREQ=WEEKLY;BYDAY=SA,11:00,120,501-374-5832,https://www.foodpantries.org/li/mount_zion_baptist_church_72202,not stated,walk-in,
Little Rock,Central Arkansas,Pulaski Heights UMC Food Pantry,"4823 Woodlawn Dr, Little Rock, AR 72207","1st Wednesday, 8:00-10:00 AM",RRULE:FREQ=MONTHLY;BYDAY=1WE,08:00,120,501-664-3600,https://phumc.com/foodpantry/,none stated,walk-in,Lower parking deck off Lee Avenue (Parking Lot 3); closed holidays.
Little Rock,Central Arkansas,St. Andrew United Methodist Church Food Pantry,"4600 Baseline Rd, Little Rock, AR 72209","1st and 3rd Thursdays, 10:00-11:00 AM","RRULE:FREQ=MONTHLY;BYDAY=1TH,3TH",10:00,60,501-562-1891,https://www.foodpantries.org/li/st-andrew-united-methodist-church,"Proof of address; ZIPs 72209, 72206, 72103",walk-in,Spanish spoken.
Little Rock,Central Arkansas,St. John Baptist Church Food Pantry,"2501 S Main St, Little Rock, AR 72206","Tuesday and Thursday, 11:00 AM-5:00 PM","RRULE:FREQ=WEEKLY;BYDAY=TU,TH",11:00,360,501-529-9206,https://www.freefood.org/l/st_john_baptist_church,none stated,walk-in,
Little Rock,Central Arkansas,St. Mark's Episcopal Church Food Pantry,"1000 N Mississippi St, Little Rock, AR 72207","Thursdays, 8:30-10:00 AM",RRULE:FREQ=WEEKLY;BYDAY=TH,08:30,90,501-225-4203,https://www.freefood.org/l/ar_72207_st-marks-episcopal-church-food-pantry,Little Rock residents meeting income requirements; ID for system registration,walk-in,Up to weekly visits per directory.
Little Rock,Central Arkansas,The Helping Hand of Greater Little Rock,"1601 Marshall St, Little Rock, AR 72202","Monday-Thursday, 9:00 AM-12:30 PM","RRULE:FREQ=WEEKLY;BYDAY=MO,TU,WE,TH",09:00,210,501-372-4388,https://www.freefood.org/l/helping_hand,State/federal/Medicaid/consular/Social Security ID; Pulaski County residents,walk-in,First visit without ID not turned away in emergencies.
Lonoke,Central Arkansas,Lonoke County Cares,"316 Jacuzzi Ln, Lonoke, AR 72086","Monday and Thursday, 9:00 AM-3:00 PM; Friday, 9:00 AM-12:00 PM","RRULE:FREQ=WEEKLY;BYDAY=MO,TH,FR",09:00,360,501-676-8999,https://www.foodpantries.org/li/lonoke_county_cares_72086,Lonoke County residents,walk-in,
Malvern,Central Arkansas,Libby's R.O.S.E. Food Pantry,"227 W Page Ave, Malvern, AR 72104","Monday, Wednesday and Friday, 10:00 AM-2:00 PM","RRULE:FREQ=WEEKLY;BYDAY=MO,WE,FR",10:00,240,501-337-0136,https://www.freefood.org/l/libbys_rose,"Proof of income/Social Security, ID and proof of residency (directory report)",walk-in,Serves Hot Spring County; emergency food and thrift store.
Malvern,Central Arkansas,Shorewood Hills United Methodist Church Pantry,"1322 Remmel Dam Rd, Malvern, AR 72104","Thursdays, 10:00 AM-2:00 PM",RRULE:FREQ=WEEKLY;BYDAY=TH,10:00,240,,https://feedam.org/resource/200987,not stated,walk-in,
Menifee,Central Arkansas,Better Life Outreach Pantry,"#6 Senior Adult Lane, Menifee, AR 72107","2nd and 4th Tuesdays, 10:00 AM-2:00 PM","RRULE:FREQ=MONTHLY;BYDAY=2TU,4TU",10:00,240,501-339-1258,https://www.conwaycounty.guide/pantries,ID required,walk-in,
Morrilton,Central Arkansas,Conway County Care Center,"108 W Broadway St, Morrilton, AR 72110","Tuesdays and Fridays, 9:00 AM-2:00 PM","RRULE:FREQ=WEEKLY;BYDAY=TU,FR",09:00,300,501-354-1454,https://www.conwaycountycarecenter.com/about-us.html,Current proof of residency and photo ID; Conway County residents; once per month,drive-thru,Food pantry is down the back alley; free regardless of income.
Morrilton,Central Arkansas,Conway County Care Center,"108 W Broadway St, Morrilton, AR 72110","1st Saturday, 9:00 AM-2:00 PM",RRULE:FREQ=MONTHLY;BYDAY=1SA,09:00,300,501-354-1454,https://www.conwaycountycarecenter.com/about-us.html,Current proof of residency and photo ID; Conway County residents; once per month,drive-thru,Food pantry is down the back alley; free regardless of income.
Mount Ida,Central Arkansas,Montgomery County Food Pantry - Benefit Bank,"117 Ray St, Mount Ida, AR 71957","Mondays and Wednesdays, 9:00 AM-12:00 PM","RRULE:FREQ=WEEKLY;BYDAY=MO,WE",09:00,180,870-867-7168,https://projecthopefoodbank.org/partners/montgomery-county-food-pantry/,Photo ID; Montgomery County families,walk-in,
Mountain Pine,Central Arkansas,First Baptist Church Mountain Pine Food Pantry,"5th St and Mountain View, Mountain Pine, AR 71956","1st and 3rd Tuesdays, 10:00 AM-12:00 PM","RRULE:FREQ=MONTHLY;BYDAY=1TU,3TU",10:00,120,501-767-3485,https://www.homelessshelterdirectory.org/shelter/ar_first-baptist-church-mountain-pine,not stated,walk-in,
North Little Rock,Central Arkansas,Amboy Community Food Pantry at Levy UMC,"701 W 47th St, North Little Rock, AR 72118","Mondays and Thursdays, 9:00 AM-12:00 PM","RRULE:FREQ=WEEKLY;BYDAY=MO,TH",09:00,180,501-753-2777,https://www.foodpantries.org/li/amboy_community_food_pantry_72118,Valid photo ID and proof of address; North Little Rock or Maumelle residents,walk-in,No appointment needed; first-time registrants should arrive by 11 AM.
North Little Rock,Central Arkansas,Berean Disciple Church Caleb's Helping Hand,"4509 Rogers St, North Little Rock, AR 72117","Last Saturday, 9:00 AM-12:00 PM",RRULE:FREQ=MONTHLY;BYDAY=-1SA,09:00,180,501-993-5296,https://nlr.ar.gov/residents/local-food-pantries/,Anyone in need,walk-in,Also delivers to elderly; last Saturday means final Saturday of month.
North Little Rock,Central Arkansas,East Gate Fishing Center (Dark Hollow Food Pantry),"1900 N Pine St, North Little Rock, AR 72114","Wednesdays, 8:30-10:30 AM",RRULE:FREQ=WEEKLY;BYDAY=WE,08:30,120,501-376-8144,https://nlr.ar.gov/residents/local-food-pantries/,"State/federal benefits recipients, homeless or low-income",walk-in,Clothes closet also available.
North Little Rock,Central Arkansas,Faith Baptist Church Food Pantry,"5600 Camp Robinson Rd, North Little Rock, AR 72118","1st and 3rd Mondays, 12:00-1:00 PM","RRULE:FREQ=MONTHLY;BYDAY=1MO,3MO",12:00,60,501-753-8897,https://www.foodpantries.org/li/ar_72118_faith-baptist-church,ID and proof of North Little Rock residency; once per month,walk-in,
North Little Rock,Central Arkansas,First Baptist Church North Little Rock Food Pantry,"2015 Main St, North Little Rock, AR 72114","Tuesdays, 11:00 AM-1:00 PM",RRULE:FREQ=WEEKLY;BYDAY=TU,11:00,120,,https://www.arkansasonline.com/news/2025/nov/04/list-of-food-resources/,North Little Rock area residents; photo ID and current-address bill,walk-in,
North Little Rock,Central Arkansas,First Pentecostal Church Food Pantry,"1401 Calvary Rd, North Little Rock, AR 72116","Fridays, 12:00-2:30 PM",RRULE:FREQ=WEEKLY;BYDAY=FR,12:00,150,501-758-3090,https://www.sherwoodar.gov/DocumentCenter/View/349,North Little Rock and Sherwood residents only; photo ID and proof of address,walk-in,
North Little Rock,Central Arkansas,Gardner Memorial United Methodist Food Pantry,"1723 Schaer St, North Little Rock, AR 72114","Tuesdays, 12:00-4:00 PM",RRULE:FREQ=WEEKLY;BYDAY=TU,12:00,240,,https://www.arkansasonline.com/news/2025/nov/04/list-of-food-resources/,North Little Rock residents only; photo ID,walk-in,
North Little Rock,Central Arkansas,Grace Church of the Nazarene Food Pantry,"3923 Camp Robinson Rd, North Little Rock, AR 72118","Thursdays, 5:30-6:30 PM",RRULE:FREQ=WEEKLY;BYDAY=TH,17:30,60,501-551-9788,https://nlr.ar.gov/residents/local-food-pantries/,Anyone in need,walk-in,"Clothes, household items and hygiene products may also be available."
North Little Rock,Central Arkansas,Grace Hub Food Pantry,"901 S A Jones Dr, North Little Rock, AR 72114","3rd Saturday, 10:00-11:00 AM",RRULE:FREQ=MONTHLY;BYDAY=3SA,10:00,60,,https://nlr.ar.gov/residents/local-food-pantries/,Anyone in need,walk-in,
North Little Rock,Central Arkansas,Greater New Hope Baptist Church Food Pantry,"1723 W 44th St, North Little Rock, AR 72118","2nd Saturday, 10:00 AM-12:00 PM",RRULE:FREQ=MONTHLY;BYDAY=2SA,10:00,120,501-758-4651,https://nlr.ar.gov/residents/local-food-pantries/,Anyone in need,walk-in,Clothes may also be available.
North Little Rock,Central Arkansas,Mt. Pleasant Baptist Church Blessings in a Box,"800 Page Mill Rd, North Little Rock, AR 72117","3rd Saturday, 9:00-11:00 AM",RRULE:FREQ=MONTHLY;BYDAY=3SA,09:00,120,501-590-1155,https://nlr.ar.gov/residents/local-food-pantries/,Anyone in need,walk-in,Household items may also be available.
North Little Rock,Central Arkansas,New Hope Baptist Church Food Pantry,"1821 Edmonds St, North Little Rock, AR 72117","4th Thursday, 1:00-5:00 PM",RRULE:FREQ=MONTHLY;BYDAY=4TH,13:00,240,501-945-2923,https://nlr.ar.gov/residents/local-food-pantries/,Anyone in need,walk-in,
North Little Rock,Central Arkansas,Park Hill Christian Church Food Pantry,"4400 John F Kennedy Blvd, North Little Rock, AR 72116","Tuesdays, 8:30-10:30 AM",RRULE:FREQ=WEEKLY;BYDAY=TU,08:30,120,,https://www.arkansasonline.com/news/2025/nov/04/list-of-food-resources/,Photo ID,walk-in,
North Little Rock,Central Arkansas,River City Ministry Food Pantry,"1021 E Washington Ave, North Little Rock, AR 72114","Tuesdays, 9:15-10:45 AM",RRULE:FREQ=WEEKLY;BYDAY=TU,09:15,90,501-376-6694,https://nlr.ar.gov/residents/local-food-pantries/,Photo ID and matching proof of residency,walk-in,Pantry is separate from hot meal times.
North Little Rock,Central Arkansas,River City Ministry Food Pantry,"1021 E Washington Ave, North Little Rock, AR 72114","Thursdays, 12:15-2:00 PM",RRULE:FREQ=WEEKLY;BYDAY=TH,12:15,105,501-376-6694,https://nlr.ar.gov/residents/local-food-pantries/,Photo ID and matching proof of residency,walk-in,Pantry is separate from hot meal times.
Oden,Central Arkansas,Loving Touch Ministries,"1945 Hwy 88 W, Oden, AR 71961","Tuesdays, 9:00 AM-3:00 PM",RRULE:FREQ=WEEKLY;BYDAY=TU,09:00,360,870-326-4704,https://www.foodpantries.org/li/loving_touch_ministries_71961,not stated,walk-in,
Oden,Central Arkansas,Loving Touch Ministries,"1945 Hwy 88 W, Oden, AR 71961","Wednesdays, 12:00-3:00 PM",RRULE:FREQ=WEEKLY;BYDAY=WE,12:00,180,870-326-4704,https://www.foodpantries.org/li/loving_touch_ministries_71961,not stated,walk-in,
Oppelo,Central Arkansas,First Baptist Church Oppelo Food Pantry,"304 Hwy 9, Oppelo, AR 72110","1st Monday after the 2nd Wednesday, 8:00 AM-12:00 PM",RRULE:FREQ=MONTHLY;BYDAY=3MO,08:00,240,501-354-0045,https://www.conwayregional.org/docs/default-source/crhs/sdoh/food-pantry/perry-county-food.pdf,Photo ID; Perry or Conway County residents,walk-in,The source describes the date as the first Monday after the second Wednesday.
Perryville,Central Arkansas,Partners for Progress,"1115 Aplin Ave, Perryville, AR 72126","Monday-Friday, 10:00 AM-12:00 PM except 2nd Wednesday","RRULE:FREQ=WEEKLY;BYDAY=MO,TU,WE,TH,FR",10:00,120,501-889-2422,https://partnersforprogress.dudaone.com/,Perry County residents; none stated beyond residency,walk-in,Emergency food/clothing; closed 2nd Wednesday each month.
Plumerville,Central Arkansas,Mt. Pleasant Missionary Baptist Church Outreach,"896 AR-92, Plumerville, AR 72127","2nd Wednesday, 5:30-6:30 PM",RRULE:FREQ=MONTHLY;BYDAY=2WE,17:30,60,501-354-6365,https://www.conwayregional.org/docs/default-source/crhs/sdoh/food-pantry/conway-county-food.pdf,none stated,hot meal,Food boxes and clothing also available; meal served 5:30-6:30.
Searcy,Central Arkansas,Downtown Church of Christ Food Pantry,"900 N Main St, Searcy, AR 72145","Wednesdays, 10:00 AM-12:00 PM",RRULE:FREQ=WEEKLY;BYDAY=WE,10:00,120,501-268-5383,https://www.foodpantries.org/li/ar_72145_downtown-church-of-christ-food-pantry,First-time proof of ID and income,walk-in,No appointment; walk in during operating hours.
Searcy,Central Arkansas,Good Samaritan Center of White County,"1512 W Park St, Searcy, AR 72143","Tuesdays and Fridays, 1:00-4:00 PM","RRULE:FREQ=WEEKLY;BYDAY=TU,FR",13:00,180,501-279-3642,https://www.foodpantries.org/li/good_samaritan_center_of_white_county_72143,Photo ID and proof of income; White County,walk-in,No appointment.
Searcy,Central Arkansas,His House Food Pantry,"421 N Grand St, Searcy, AR 72143","Mondays and Thursdays, 12:30-2:30 PM","RRULE:FREQ=WEEKLY;BYDAY=MO,TH",12:30,120,501-268-7156,https://www.homelessshelterdirectory.org/foodbank/ar_his-house,not stated,walk-in,
Searcy,Central Arkansas,New Horizons International Ministries Food Pantry,"Searcy, AR 72143","Fridays, 9:00-11:00 AM",RRULE:FREQ=WEEKLY;BYDAY=FR,09:00,120,501-338-6983,https://www.foodpantries.org/co/ar-white,not stated,walk-in,Address not published in source.
Sheridan,Central Arkansas,First Baptist Church Sheridan Food Pantry,"1201 S Rock St, Sheridan, AR 72150","3rd Saturday, 9:00-11:00 AM",RRULE:FREQ=MONTHLY;BYDAY=3SA,09:00,120,,https://fbcsheridan.com/the_food_pantry,not stated,walk-in,
Sheridan,Central Arkansas,Immanuel Foodbank - Sheridan,"201 E Holly St, Sheridan, AR 72150","Mondays and Thursdays, 1:00-3:00 PM","RRULE:FREQ=WEEKLY;BYDAY=MO,TH",13:00,120,870-942-7817,https://www.foodpantries.org/li/immanuel-foodbank-sheridan,not stated,walk-in,Also listed 4th Saturday 8 AM-2 PM.
Sheridan,Central Arkansas,Immanuel Foodbank - Sheridan,"201 E Holly St, Sheridan, AR 72150","4th Saturday, 8:00 AM-2:00 PM",RRULE:FREQ=MONTHLY;BYDAY=4SA,08:00,360,870-942-7817,https://www.foodpantries.org/li/immanuel-foodbank-sheridan,not stated,walk-in,
Sheridan,Central Arkansas,Kathy's Closet & Food Pantry / Spirit of Sharing,"106 E Center St, Sheridan, AR 72150","Monday-Friday, 10:00 AM-1:00 PM","RRULE:FREQ=WEEKLY;BYDAY=MO,TU,WE,TH,FR",10:00,180,870-942-7611,https://www.gcucrc.com/kathy-s-closet-food-pantry,Grant County residents; photo ID and utility bill; USDA monthly program requires enrollment/qualification,walk-in,Emergency food boxes available up to 3 times/year; USDA monthly program has separate qualification.
Sheridan,Central Arkansas,Sheridan Ministerial Alliance Food Pantry,"100 E Church St, Sheridan, AR 72150","Wednesdays, 9:00-11:00 AM",RRULE:FREQ=WEEKLY;BYDAY=WE,09:00,120,,https://feedam.org/resource/190833,not stated,walk-in,
Sherwood,Central Arkansas,Central Baptist Church of North Little Rock Pantry,"9618 Hwy 107, Sherwood, AR 72120","Wednesdays, 10:00-11:30 AM",RRULE:FREQ=WEEKLY;BYDAY=WE,10:00,90,,https://www.arkansasonline.com/news/2025/nov/04/list-of-food-resources/,Sherwood ZIP 72120 residents only; proof of residence,walk-in,
Sherwood,Central Arkansas,First Christian Church of Sherwood Food Pantry,"2803 E Kiehl Ave, Sherwood, AR 72120","Saturdays, 10:30 AM-12:00 PM",RRULE:FREQ=WEEKLY;BYDAY=SA,10:30,90,501-835-5505,https://www.fccsherwood.com/missions,Sherwood and Jacksonville residents; photo ID and proof of residency,drive-thru,Drive-up check-in and pickup; closes for inclement weather.
Sherwood,Central Arkansas,Sherwood Seventh-day Adventist Church Food Pantry,"15202 Hwy 107, Sherwood, AR 72120","Thursdays, 11:00 AM-2:30 PM",RRULE:FREQ=WEEKLY;BYDAY=TH,11:00,210,,https://sherwoodseventhdayadventistchurch.com/ministries/food-pantry/,none stated,walk-in,Behind the church; holiday hours move to Wednesday.
Sherwood,Central Arkansas,Sylvan Hills Community Church Food Pantry,"8019 John F Kennedy Blvd, Sherwood, AR 72120","Tuesdays, 10:00 AM-12:00 PM",RRULE:FREQ=WEEKLY;BYDAY=TU,10:00,120,501-835-1612,https://www.foodpantries.org/li/sylvan-hills-community-church-food-pantry,not stated,walk-in,
Vilonia,Central Arkansas,Spirit of Vilonia Food Pantry,"1113 Main St, Vilonia, AR 72173","Wednesdays and Saturdays, 9:00 AM-12:00 PM","RRULE:FREQ=WEEKLY;BYDAY=WE,SA",09:00,180,501-849-4320,https://www.cityofvilonia.net/community,none stated,walk-in,Food pantry (not thrift store) hours.
Vilonia,Central Arkansas,Vilonia Church of Christ Food Pantry,"893 Main St, Vilonia, AR 72173","Tuesdays, 10:00 AM-12:00 PM",RRULE:FREQ=WEEKLY;BYDAY=TU,10:00,120,501-269-8906,https://www.uwcark.org/sites/uwcark/files/Community_Resource_Guide_UW_02_2026.pdf,Photo ID,walk-in,
Ward,Central Arkansas,First Baptist Church - Ward,,"Tuesday, 10 AM-2 PM",RRULE:FREQ=WEEKLY;BYDAY=TU,10:00,240,501-843-5648,https://www.foodpantries.org/ci/ar-ward,Ward or Austin residents,walk-in,Address not published.
Ward,Central Arkansas,First Baptist Church Ward Food Pantry,"108 S Scott St, Ward, AR 72176","Tuesdays, 10:00 AM-2:00 PM",RRULE:FREQ=WEEKLY;BYDAY=TU,10:00,240,501-843-5648,https://www.foodpantries.org/li/first-baptist-church-_ward_72176,Ward or Austin residents,walk-in,
Bella Vista,NWA,Shepherd's Food Pantry,"Bella Vista Lutheran Church, 1990 Forest Hills Blvd, Bella Vista, AR 72715","Every Friday, 10:00 AM-12:00 PM",RRULE:FREQ=WEEKLY;BYDAY=FR,10:00,120,479-855-0272,,none,walk-in,"Pre-packed boxes with shelf-stable goods, eggs and meat. No qualifications. Closed 5th Fridays and holidays, and when Benton County schools close for weather."
Bentonville,NWA,Manna Ministry Drive-Thru,"Bentonville Church of Christ, Bentonville, AR","2nd Monday, 9:00 AM-12:00 PM",RRULE:FREQ=MONTHLY;BYDAY=2MO,09:00,180,,https://www.bentonvillechurch.com/events/manna-ministry-drive-thru-food-pantry-distribution/,none,drive-thru,A box of nonperishable food for anyone in need.
Bentonville,NWA,The Community Table (Afternoon),"Bentonville Church of the Nazarene, 216 NW A St, Bentonville, AR 72712","Every Monday, 4:00-6:00 PM",RRULE:FREQ=WEEKLY;BYDAY=MO,16:00,120,,https://www.bnaz.org/the-community-table,none,walk-in,"Client-choice. No fees, no eligibility requirements. First-come, first-served."
Bentonville,NWA,The Community Table (Morning),"Bentonville Church of the Nazarene, 216 NW A St, Bentonville, AR 72712","Every Monday, 10:00 AM-12:00 PM",RRULE:FREQ=WEEKLY;BYDAY=MO,10:00,120,,https://www.bnaz.org/the-community-table,none,walk-in,"Client-choice. No fees, no eligibility requirements. First-come, first-served."
Berryville,NWA,NWA Food Bank Mobile Pantry,"Community Center, 601 Dr Spurlin Circle, Berryville, AR","2nd Monday, 10:00 AM",RRULE:FREQ=MONTHLY;BYDAY=2MO,10:00,120,,https://www.nwafoodbank.org/find-food,none,mobile pantry,Premade boxes. No income or residency requirements.
Decatur,NWA,F2FPantry Decatur Mobile Pantry,"Veterans Park Bunker Pavilion, 1105 N Main St, Decatur, AR 72722","1st & 3rd Tuesday, 9:30 AM","RRULE:FREQ=MONTHLY;BYDAY=1TU,3TU",09:30,90,,https://f2f.churchcenter.com/calendar?view=list,none,mobile pantry,Just show up. Enter the park from the far south entrance off Austin and Charlie Street.
Elkins,NWA,NWA Food Bank Mobile Pantry,"Elkins Community Center, 162 Doolin Dr, Elkins, AR 72727","3rd Thursday, 9:00-11:00 AM",RRULE:FREQ=MONTHLY;BYDAY=3TH,09:00,120,,https://www.nwafoodbank.org/find-food,none,mobile pantry,"Premade boxes with shelf-stable food, frozen protein and fresh produce. No income or residency requirements."
Eureka Springs,NWA,Answering The Call Mobile Pantry,"First United Methodist Church, 195 Huntsville Rd, Eureka Springs, AR 72632","2nd & 4th Wednesday, 9:00 AM","RRULE:FREQ=MONTHLY;BYDAY=2WE,4WE",09:00,60,,,none,drive-thru,"Stay in your car, volunteers load the food. Produce, shelf-stable items and frozen meat. First-come, first-served."
Farmington,NWA,Main St Baptist Drive-Thru Pantry,"Main Street Baptist Church, Farmington, AR","3rd Wednesday, 5:00-7:00 PM",RRULE:FREQ=MONTHLY;BYDAY=3WE,17:00,120,,,none,drive-thru,Food is brought out to your car. With NWA Food Bank.
Farmington,NWA,Main St Baptist Walk-In Pantry,"Main Street Baptist Church, Farmington, AR","1st Wednesday, 3:00-5:00 PM",RRULE:FREQ=MONTHLY;BYDAY=1WE,15:00,120,,,none,walk-in,Choose your own items. With NWA Food Bank.
Fayetteville,NWA,Feed 479 Mobile Pantry,"Cross Church Fayetteville, 2801 W McMillan Dr, Fayetteville, AR 72701","3rd Friday, 9:00-11:00 AM",RRULE:FREQ=MONTHLY;BYDAY=3FR,09:00,120,,https://weare479.com/we-are-479/feed-479/,photo ID for your first visit,mobile pantry,"First-come, first-served. Walk-ups welcome."
Fayetteville,NWA,We Are Nourished Food Pantry,"1021 W Sycamore St, Fayetteville, AR 72703","Every Wednesday, 3:30-7:30 PM",RRULE:FREQ=WEEKLY;BYDAY=WE,15:30,240,479-530-4395,,none,walk-in,"Client-choice. Fresh, frozen and shelf-stable food plus hygiene items, diapers and pet food. Check-in runs alphabetically; usually no wait after 5 PM."
Goshen,NWA,Sabrina's Wish Food Pantry,"122 Tuttle Rd, Goshen, AR 72735","2nd & 4th Tuesday, 1:00-5:30 PM","RRULE:FREQ=MONTHLY;BYDAY=2TU,4TU",13:00,270,479-601-9474,https://www.sabrinaswishgfp.com/,photo ID,walk-in,"Client-choice. Meat, produce, pet food and toiletries. No qualifications, no service-area limit."
Gravette,NWA,F2FPantry Gravette Mobile Pantry,"Pop-Allum Park, 805 8th Ave SW, Gravette, AR 72736","4th Tuesday, 9:30 AM",RRULE:FREQ=MONTHLY;BYDAY=4TU,09:30,90,,https://f2f.churchcenter.com/calendar?view=list,none,mobile pantry,"Just show up. First-come, first-served."
Hiwasse,NWA,NWA Food Bank Mobile Pantry,"Community Building, 13690 Firehouse Lane, Hiwasse, AR","2nd Monday, 9:30 AM",RRULE:FREQ=MONTHLY;BYDAY=2MO,09:30,90,,https://www.nwafoodbank.org/find-food,none,mobile pantry,Premade boxes. No income or residency requirements.
Huntsville,NWA,NWA Food Bank Mobile Pantry,"Madison County Courthouse overflow parking, Huntsville, AR","3rd Thursday, 11:30 AM",RRULE:FREQ=MONTHLY;BYDAY=3TH,11:30,120,,https://www.nwafoodbank.org/find-food,none,mobile pantry,Premade boxes. No income or residency requirements.
Lincoln,NWA,NWA Food Bank Mobile Pantry,"The Sanctuary Church, 310 Lincoln Ave, Lincoln, AR","3rd Monday, 9:00 AM",RRULE:FREQ=MONTHLY;BYDAY=3MO,09:00,120,,https://www.nwafoodbank.org/find-food,none,mobile pantry,Premade boxes. No income or residency requirements.
Lowell,NWA,NWA Food Bank Mobile Pantry,"Arkansas Democrat-Gazette Building, 119 S Dixieland Rd, Lowell, AR","4th Tuesday, 9:00 AM",RRULE:FREQ=MONTHLY;BYDAY=4TU,09:00,120,,https://www.nwafoodbank.org/find-food,none,mobile pantry,Premade boxes. No income or residency requirements.
Prairie Grove,NWA,NWA Food Bank Mobile Pantry,"Prairie Grove Christian Church, 611 Wayne Villines Rd, Prairie Grove, AR 72753","2nd Thursday, 10:00 AM",RRULE:FREQ=MONTHLY;BYDAY=2TH,10:00,120,,https://www.nwafoodbank.org/find-food,none,mobile pantry,Premade boxes. No income or residency requirements.
Rogers,NWA,Blessings To Go (Grace Chapel),"Grace Chapel UMC, 1801 S Dixieland Rd, Rogers, AR 72758","Every Thursday, 6:00-7:00 PM",RRULE:FREQ=WEEKLY;BYDAY=TH,18:00,60,,,none,drive-thru,"A free box of groceries, no questions asked."
Rogers,NWA,Community Meal Drive-Thru (Grace Chapel),"Grace Chapel UMC, 1801 S Dixieland Rd, Rogers, AR 72758","Every Sunday, 4:00 PM",RRULE:FREQ=WEEKLY;BYDAY=SU,16:00,60,,,none,drive-thru,"Free hot to-go meal, no questions asked."
Rogers,NWA,Feed 479 Mobile Pantry,"Cross Church Pinnacle Hills, 2448 S Pinnacle Hills Pkwy, Rogers, AR 72758","2nd Friday, 9:00-11:00 AM",RRULE:FREQ=MONTHLY;BYDAY=2FR,09:00,120,,https://weare479.com/we-are-479/feed-479/,photo ID for your first visit,mobile pantry,"First-come, first-served. Walk-ups welcome."
Rogers,NWA,Peace Lutheran Drive-Thru Pantry,"Peace Lutheran Church, 805 W Olrich St, Rogers, AR 72756","Every Monday, 1:00-3:00 PM",RRULE:FREQ=WEEKLY;BYDAY=MO,13:00,120,,,none,drive-thru,No questions asked.
Siloam Springs,NWA,F2FPantry Mobile Pantry,"Community Christian Fellowship, 525 S Lincoln St, Siloam Springs, AR 72761","4th Friday, 2:00-4:00 PM",RRULE:FREQ=MONTHLY;BYDAY=4FR,14:00,120,,https://f2f.churchcenter.com/calendar?view=list,none,mobile pantry,"No pre-registration, register on site. Food for 100+ families. Enter from the far south entrance off S Lincoln St."
Springdale,NWA,Feed 479 Mobile Pantry,"Charlie & Willi George Park, 4023 Hylton Rd, Springdale, AR 72764","1st Friday, 9:00-11:00 AM",RRULE:FREQ=MONTHLY;BYDAY=1FR,09:00,120,,https://weare479.com/we-are-479/feed-479/,photo ID for your first visit,mobile pantry,"First-come, first-served. Walk-ups welcome."
West Fork,NWA,NWA Food Bank Mobile Pantry,"Carter Park, 17 Riverwood Ave, West Fork, AR","2nd Monday, 9:00 AM",RRULE:FREQ=MONTHLY;BYDAY=2MO,09:00,120,,https://www.nwafoodbank.org/find-food,none,mobile pantry,Premade boxes. No income or residency requirements.
Ash Flat,North Central,Ash Flat Church of Christ,"560 Ash Flat Drive, Ash Flat, AR 72513","Every Wednesday, 1:00-4:00 PM",RRULE:FREQ=WEEKLY;BYDAY=WE,13:00,180,(870) 994-2430,https://www.homelessshelterdirectory.org/foodbank/ar_ash-flat-church-of-christ,"City of Ash Flat; photo ID, proof of income, Social Security card",walk-in,Call ahead.
Bull Shoals,North Central,Bull Shoals Food Pantry,"1013 Lakeshore Road, Bull Shoals, AR 72619","Every Wednesday & Friday, 9:00-11:00 AM","RRULE:FREQ=WEEKLY;BYDAY=WE,FR",09:00,120,(870) 405-9468,https://bullshoalsmethodist.org/food_pantry,"Service area Bull Shoals, Flippin, Fairview, Lakeview, Midway, Oakland, Promise Land; qualifications/income limit may apply",walk-in,Shop once a month; call ahead.
Bull Shoals,North Central,Bull Shoals Food Pantry - produce distribution,"1013 Lakeshore Road, Bull Shoals, AR 72619","Most Saturdays, 9:00-10:00 AM",RRULE:FREQ=WEEKLY;BYDAY=SA,09:00,60,(870) 405-9468,https://bullshoalsmethodist.org/food_pantry,Same service area; weekly produce availability,walk-in,Saturday hours are for produce and are described as most Saturdays.
Calico Rock,North Central,Gospel Truth Church Food Pantry,"115 Highway 223, Calico Rock, AR 72519","Every Sunday, 9:00 AM-12:00 PM",RRULE:FREQ=WEEKLY;BYDAY=SU,09:00,180,(870) 297-8029,https://www.foodpantries.org/li/gospel_truth_church_food_pantry_72519,None stated,walk-in,Call to confirm operation/hours.
Calico Rock,North Central,Gospel Truth Church Food Pantry,"115 Highway 223, Calico Rock, AR 72519","Every Tuesday, 6:00-9:00 PM",RRULE:FREQ=WEEKLY;BYDAY=TU,18:00,180,(870) 297-8029,https://www.foodpantries.org/li/gospel_truth_church_food_pantry_72519,None stated,walk-in,Call to confirm operation/hours.
Calico Rock,North Central,Gospel Truth Church Food Pantry,"115 Highway 223, Calico Rock, AR 72519","Every Saturday, 6:00-9:00 PM",RRULE:FREQ=WEEKLY;BYDAY=SA,18:00,180,(870) 297-8029,https://www.foodpantries.org/li/gospel_truth_church_food_pantry_72519,None stated,walk-in,Call to confirm operation/hours.
Cherokee Village,North Central,St. Michael's Catholic Church / St. Vincent de Paul Food Pantry,"49 Tekakwitha Drive, Cherokee Village, AR 72525","Monday-Friday, 9:00 AM-1:00 PM","RRULE:FREQ=WEEKLY;BYDAY=MO,TU,WE,TH,FR",09:00,240,(870) 257-2850,https://www.ozarka.edu/blogs/success/enclosures/Four%20county%20list%20of%20community%20resources_2025.pdf,Sharp County; call for current operating details,walk-in,Regional directory lists weekday hours but also says call for hours; verify.
Diamond City,North Central,Good Neighbor Food Cupboard,"320 Grand Avenue, Diamond City, AR 72630","Every Wednesday, 8:45-11:45 AM",RRULE:FREQ=WEEKLY;BYDAY=WE,08:45,180,(870) 422-2032,https://diamondcityar.gov/community/good-neighbor-food-cupboard/,No preregistration stated,walk-in,Bring bags/boxes; second contact 870-371-0040.
Hardy,North Central,Hardy Food Room (North Sharp County Ministerial Alliance),"151 W Wahpeton Hill Road, Hardy, AR 72542","Every Tuesday, 9:00 AM-1:00 PM",RRULE:FREQ=WEEKLY;BYDAY=TU,09:00,240,(870) 257-2376,https://www.freefood.org/l/hardy_foodroom,None stated; basic information form may be completed on first visit,walk-in,Clients asked to come once a month; located in Spring River Presbyterian Church.
Harrison,North Central,Bear Creek Spring Baptist Church Food Pantry,"179 Devito Loop, Harrison, AR 72601","Every Wednesday, 10:30-11:30 AM",RRULE:FREQ=WEEKLY;BYDAY=WE,10:30,60,(870) 741-7937,https://www.foodpantries.org/li/bear_creek_spring_baptist_church_72601,Photo ID; serves Harrison,walk-in,Closed holidays/inclement weather; call ahead.
Harrison,North Central,Bear Creek Spring Baptist Church Food Pantry,"179 Devito Loop, Harrison, AR 72601","Every Wednesday, 4:30-5:30 PM",RRULE:FREQ=WEEKLY;BYDAY=WE,16:30,60,(870) 741-7937,https://www.foodpantries.org/li/bear_creek_spring_baptist_church_72601,Photo ID; serves Harrison,walk-in,Closed holidays/inclement weather; call ahead.
Harrison,North Central,Food Bank of North Central Arkansas Mobile Pantry - First United Methodist Church,"1100 W. Bower Avenue, Harrison, AR 72601","3rd Friday of each month, 11:00 AM-2:00 PM",RRULE:FREQ=MONTHLY;BYDAY=3FR,11:00,180,(870) 499-7565,https://www.facebook.com/groups/385448385164501/posts/2312769962432324/,Bring ID/current address documentation; call food bank to confirm,mobile pantry,Local 2024 roundup; mobile dates can change.
Harrison,North Central,Harrison United Brethren Church Food Pantry,,Tuesday 3:00-6:00 PM; Wednesday 9:00 AM-3:00 PM; Friday 1:00-3:00 PM,"RRULE:FREQ=WEEKLY;BYDAY=TU,WE,FR",15:00,180,,https://www.facebook.com/groups/473038364076628/posts/1900271331353317/,None stated,walk-in,Address/phone unpublished in local post; confirm before visiting.
Harrison,North Central,Mercy Mall,"805 Cottonwood Road, Harrison, AR 72601","Every Thursday, 9:00 AM-2:00 PM",RRULE:FREQ=WEEKLY;BYDAY=TH,09:00,300,(870) 741-8658,https://search.211arkansas.org/search/79df35c3-a2db-56de-9ed2-1c9aa3e460e7,"Application completed in office; photo ID, income and Social Security numbers; Boone/Marion/Newton/Searcy",walk-in,Application is available onsite; confirm intake.
Harrison,North Central,Northside Church of Christ Food Pantry,"523 N Walnut Street, Harrison, AR 72601","First Friday of each month, 10:00 AM-2:00 PM",RRULE:FREQ=MONTHLY;BYDAY=1FR,10:00,240,(870) 741-3092,https://www.facebook.com/groups/385448385164501/posts/2312769962432324/,None stated,walk-in,Schedule from local Harrison roundup; verify with church.
Harrison,North Central,Ozark Share & Care,"105 Highway 62-65 Bypass, Harrison, AR 72601","Every Wednesday, 9:00 AM-12:00 PM",RRULE:FREQ=WEEKLY;BYDAY=WE,09:00,180,(870) 741-3130,https://www.ozarkshareandcare.org/services,"People in need; card can be issued, but people without one may come and apply during regular hours",walk-in,"First-come, generally once per month."
Henderson,North Central,Henderson FBC Pantry,"36 Church Hill Lane, Henderson, AR 72544","Every Tuesday, 10:00 AM-1:00 PM",RRULE:FREQ=WEEKLY;BYDAY=TU,10:00,180,(870) 404-6521,https://www.foodpantries.org/li/henderson_food_pantry_72544,None stated,walk-in,Call ahead.
Horseshoe Bend,North Central,First Baptist Church - Horseshoe Bend,"511 West Church Street, Horseshoe Bend, AR 72512","Every Tuesday, 8:00 AM-12:00 PM",RRULE:FREQ=WEEKLY;BYDAY=TU,08:00,240,(870) 670-5707,https://www.foodpantries.org/li/first_baptist_church-_horseshoe_bend_72512,None stated,walk-in,Call ahead.
Horseshoe Bend,North Central,Food Outreach Mission Assembly of God Church,"1001 First Street, Horseshoe Bend, AR 72512","Every Friday, 8:30 AM-1:30 PM",RRULE:FREQ=WEEKLY;BYDAY=FR,08:30,300,(870) 670-5452,https://www.foodpantries.org/li/food_outreach_mission_assembly_of_god_church_72512,Photo ID,walk-in,Call ahead.
Jasper,North Central,Food Bank of North Central Arkansas Mobile Pantry - Bradley Park,"Nancy Haller Drive / Bradley Park, Jasper, AR 72641","3rd Wednesday of each month, 11:00 AM-2:00 PM",RRULE:FREQ=MONTHLY;BYDAY=3WE,11:00,180,(870) 499-7565,"https://newtoncountytimes.com/stories/food-distribution-location-changing,185714",Newton County; state ID or current utility bill; emergency food box has no age/income guideline,mobile pantry,Moved from Jasper School to Bradley Park; verify site.
Jasper,North Central,Newton County Christian Food Room,"504 West Court Street, Jasper, AR 72641","Monday, Wednesday & Friday, 10:00 AM-2:00 PM","RRULE:FREQ=WEEKLY;BYDAY=MO,WE,FR",10:00,240,(870) 446-5554,https://www.foodpantries.org/li/newton_county_christian_food_room_72641,"Photo ID, proof of income/residency, shut-off notice",walk-in,504 W Court is organization address; older listings say HC 72.
Leslie,North Central,Leslie United Methodist Loaves and Fishes Pantry,"202 High Street, Leslie, AR 72645","Every Monday, 12:30-3:00 PM",RRULE:FREQ=WEEKLY;BYDAY=MO,12:30,150,(870) 447-2703,https://ampleharvest.org/food-pantries/leslie-united-methodist-pantry-6921/,Families in emergency need; once per month,walk-in,About three days of food; may close for icy roads.
Marshall,North Central,Ozark Christian Ministries,"505 N Highway 27, Marshall, AR 72650","3rd Monday of each month, 3:00-6:00 PM",RRULE:FREQ=MONTHLY;BYDAY=3MO,15:00,180,(870) 448-7512,https://searcycountyarkansas.org/membership-directory/ozark-christian-ministries/,None stated,walk-in,Food Bank NCA partner; emergency needs may be handled separately.
Melbourne,North Central,First Baptist Church - Melbourne,"AR 9 Spur, Melbourne, AR 72556","Last Saturday of each month, 10:00 AM-12:00 PM",RRULE:FREQ=MONTHLY;BYDAY=-1SA,10:00,120,(870) 368-4369,https://www.ozarka.edu/blogs/success/enclosures/Four%20county%20list%20of%20community%20resources_2025.pdf,None stated,walk-in,Exact street address not published; call to confirm.
Melbourne,North Central,Manna House,"147 Lunen Street, Melbourne, AR 72556","Monday & Saturday, 10:00 AM-2:00 PM","RRULE:FREQ=WEEKLY;BYDAY=MO,SA",10:00,240,(870) 346-5327,https://www.ozarka.edu/blogs/success/enclosures/Four%20county%20list%20of%20community%20resources_2025.pdf,None stated,walk-in,"Regional directory schedule; another 211 record conflicts, call first."
Mountain Home,North Central,Eastside Baptist Church - Mountain Home,"718 East 9th Street, Mountain Home, AR 72653","Every Thursday, 9:00-11:30 AM",RRULE:FREQ=WEEKLY;BYDAY=TH,09:00,150,(870) 425-3689,https://www.foodpantries.org/li/eastside_baptist_church_mountain_home_72653,"Photo ID, proof of income/residency, Social Security card",walk-in,Directory shows erroneous 11:30 PM; treated as 11:30 AM. Call to verify.
Mountain Home,North Central,Holy Cross Lutheran Church,"48 Carnation Drive, Mountain Home, AR 72653","2nd & 4th Wednesday, 9:00-11:00 AM","RRULE:FREQ=MONTHLY;BYDAY=2WE,4WE",09:00,120,(870) 492-6636,https://holycrossmtnhome.com/ministries/,Baxter County; proof of income and address; pantry card after first visit,walk-in,"Official page says 2nd & 4th Wednesdays; emergency pantry, every other month."
Mountain Home,North Central,Holy Cross Lutheran Church,"48 Carnation Drive, Mountain Home, AR 72653","2nd & 4th Wednesday, 1:00-3:00 PM","RRULE:FREQ=MONTHLY;BYDAY=2WE,4WE",13:00,120,(870) 492-6636,https://holycrossmtnhome.com/ministries/,Baxter County; proof of income and address; pantry card after first visit,walk-in,"Official page says 2nd & 4th Wednesdays; emergency pantry, every other month."
Mountain Home,North Central,Mountain Home Food Basket,"1341 Eastside Centre Court, Mountain Home, AR 72653","Monday-Saturday, 10:00 AM-12:00 PM","RRULE:FREQ=WEEKLY;BYDAY=MO,TU,WE,TH,FR,SA",10:00,120,(870) 425-6902,https://www.foodpantries.org/li/mountain_home_food_basket_72653,"Baxter County/service-area resident; photo ID, proof of residence, DHS/SNAP information; first-come, first-served",walk-in,Once per calendar month; new clients accepted during open hours.
Mountain Home,North Central,Redeemer Lutheran Church,"312 West North Street, Mountain Home, AR 72653","Every Wednesday, 10:00 AM-2:00 PM",RRULE:FREQ=WEEKLY;BYDAY=WE,10:00,240,(870) 425-6071,https://www.redeemermtnhome.org/community,None stated,walk-in,Current church page gives Wednesday 10 AM-2 PM; older directories differ.
Mountain View,North Central,Stone County Community Food Ministry,"310 School Avenue, Mountain View, AR 72560","Every Wednesday & Thursday, 8:30-11:30 AM","RRULE:FREQ=WEEKLY;BYDAY=WE,TH",08:30,180,(870) 615-4500,https://www.facebook.com/stonecofoodministry/posts/our-normal-distribution-hours-are-every-wednesday-and-thursday-830am-to-1130am-p/737223875729081/,Stone County resident; photo ID; monthly income; household names/birthdates if not seen within a year,walk-in,Once a month; same building as Dorcas thrift shop.
Norfork,North Central,Food Bank of North Central Arkansas,"14215 Highway 5 South, Norfork, AR 72658","Tuesday & Wednesday, 9:30 AM-12:00 PM","RRULE:FREQ=WEEKLY;BYDAY=TU,WE",09:30,150,(870) 499-7565,https://www.freefood.org/l/norfork_comm_care,"Drivers license, state ID, or current utility bill for address; anyone in need",walk-in,Direct pantry program; call to verify hours.
Salem,North Central,Agape Food Room,"144 Highway 62 East, Salem, AR 72576","Every Thursday, 10:00 AM-1:00 PM",RRULE:FREQ=WEEKLY;BYDAY=TH,10:00,180,(870) 895-2455,https://www.facebook.com/p/Agape-Food-Pantry-Fulton-County-61579664203730/,Fulton County residents; no preregistration stated,walk-in,Call to verify current hours/intake.
St. Joe,North Central,Searcy County Rural Help Center,"260 N Church Street, St. Joe, AR 72675","1st & 3rd Saturday, 8:00 AM-12:00 PM","RRULE:FREQ=MONTHLY;BYDAY=1SA,3SA",08:00,240,(870) 841-0953,https://www.facebook.com/SearcyCountyArkansasChamberOfCommerce/posts/the-searcy-county-rural-help-center-in-st-joe-has-been-helping-children-and-fami/1482311397257639/,USDA distribution; call to confirm documentation,mobile pantry,Chamber says every 1st and 3rd Saturday until noon.
Yellville,North Central,Yellville Area Food Closet,"2191 Highway 62 East, Yellville, AR 72687","Thursdays except 5th Thursday, 8:30 AM-12:00 PM","RRULE:FREQ=MONTHLY;BYDAY=1TH,2TH,3TH,4TH",08:30,210,(870) 449-8797,https://www.foodpantries.org/li/ar_72687_yellville-area-food-closet,Marion County residents,walk-in,Call to verify holidays.
Yellville,North Central,Yellville Area Food Closet,"2191 Highway 62 East, Yellville, AR 72687","First Tuesday of each month, 5:00-7:00 PM",RRULE:FREQ=MONTHLY;BYDAY=1TU,17:00,120,(870) 449-8797,https://www.foodpantries.org/li/ar_72687_yellville-area-food-closet,Marion County residents,walk-in,Call to verify holidays.
Augusta,Northeast Arkansas,Augusta First United Methodist Church,"305 S. 3rd St., Augusta, AR 72006",2nd and 4th Tuesday 7 - 9 a.m.,"RRULE:FREQ=MONTHLY;BYDAY=2TU,4TU",07:00,120,870-347-5066,https://foodbankofnea.org/county/woodruff,none stated,walk-in,
Augusta,Northeast Arkansas,Woodruff County Food Pantry,"603 Main St., Augusta, AR 72006","2nd, 3rd Thursday of the Month 11:00 a.m. to 3:00 p.m.","RRULE:FREQ=MONTHLY;BYDAY=2TH,3TH",11:00,240,870-347-7103,https://sites.vivery.org/woodruff-county-food-pantry/augusta-ar/12084,Woodruff County residents; USDA income eligibility; household information self-declared,drive-thru,"Vivery states first-come, first-served TEFAP; county page describes drive-thru-only distribution."
Bay,Northeast Arkansas,Bay United Methodist Church,"300 Central Ave., Bay, AR 72411","2nd and 4th Thursday, 3-5 p.m.","RRULE:FREQ=MONTHLY;BYDAY=2TH,4TH",15:00,120,870-770-1905,https://foodbankofnea.org/county/craighead,none stated,walk-in,
Blytheville,Northeast Arkansas,Blytheville Community Samaritan Ministry,"534 Maple St., Blytheville, AR 72315",Tuesday - Friday 11:30 a.m. - 12:30 p.m.,"RRULE:FREQ=WEEKLY;BYDAY=TU,WE,TH,FR",11:30,60,870-740-1094,https://foodbankofnea.org/county/mississippi,none stated,hot meal,Soup kitchen; USDA agency.
Blytheville,Northeast Arkansas,Blytheville-Gosnell Area Food Pantry,"122 W. Main St., Blytheville, AR 72315",Monday-Thursday: 9 a.m. - 12:30 p.m.,"RRULE:FREQ=WEEKLY;BYDAY=MO,TU,WE,TH",09:00,210,870-762-9999,https://foodbankofnea.org/county/mississippi,photo ID/documentation may be required,walk-in,USDA agency; secondary phone 870-632-4998.
Blytheville,Northeast Arkansas,Mississippi County Union Mission,"400 E. Walnut St., Blytheville, AR 72315","Food Pantry Mondays, Wednesdays, Fridays 1 - 2:30 p.m.","RRULE:FREQ=WEEKLY;BYDAY=MO,WE,FR",13:00,90,870-763-8380,https://misscomission.org/,Mississippi County residents; documentation and low-income guidelines,walk-in,USDA agency; one pickup per month. Walk-ins for food distribution.
Blytheville,Northeast Arkansas,Mississippi County Union Mission,"400 E. Walnut St., Blytheville, AR 72315",Grab & Go Lunches Monday - Friday 11:30 a.m. - 12:00 p.m.,"RRULE:FREQ=WEEKLY;BYDAY=MO,TU,WE,TH,FR",11:30,30,870-763-8380,https://misscomission.org/,none stated,hot meal,Grab-and-go lunch; USDA agency.
Blytheville,Northeast Arkansas,Wellspring Church,"600 N. Division St., Blytheville, AR 72315",Tuesdays 10-11:30 a.m.,RRULE:FREQ=WEEKLY;BYDAY=TU,10:00,90,870-763-3328,https://foodbankofnea.org/county/mississippi,none stated,walk-in,
Bono,Northeast Arkansas,Herman Missionary Baptist Church,"Hwy 91 West, 79 CR 111, Bono, AR 72416",Last Saturday of the Month 8 a.m. - Noon,RRULE:FREQ=MONTHLY;BYDAY=-1SA,08:00,240,870-972-0040,https://foodbankofnea.org/county/craighead,none stated,walk-in,Food pantry and clothes closet.
Brookland,Northeast Arkansas,Brookland Baptist Church,"200 N. Oak St., Brookland, AR 72417",Fourth Monday of the Month 10 a.m. - noon,RRULE:FREQ=MONTHLY;BYDAY=4MO,10:00,120,870-932-0173,https://foodbankofnea.org/county/craighead,none stated,walk-in,
Brookland,Northeast Arkansas,Brookland Baptist Church,"200 N. Oak St., Brookland, AR 72417",Fourth Wednesday of the Month 4:30 - 6 p.m.,RRULE:FREQ=MONTHLY;BYDAY=4WE,16:30,90,870-932-0173,https://foodbankofnea.org/county/craighead,none stated,walk-in,
Brookland,Northeast Arkansas,Brookland Church of Christ,"9664 Hwy 49B N., Brookland, AR 72417",Second Thursday of the Month 1 - 5:30 p.m.,RRULE:FREQ=MONTHLY;BYDAY=2TH,13:00,270,870-932-5307,https://foodbankofnea.org/county/craighead,none stated,walk-in,USDA agency.
Brookland,Northeast Arkansas,Brookland United Methodist Church,"301 W. Matthews, Brookland, AR 72417",Second Saturday of the Month 9 - 11 a.m.,RRULE:FREQ=MONTHLY;BYDAY=2SA,09:00,120,870-215-3083,https://foodbankofnea.org/county/craighead,none stated,walk-in,
Cherry Valley,Northeast Arkansas,Cherry Valley Food Pantry,"3211 Hwy 42, Cherry Valley, AR 72324",Tuesdays 10 a.m. - Noon,RRULE:FREQ=WEEKLY;BYDAY=TU,10:00,120,870-270-4289,https://foodbankofnea.org/county/cross,none stated,walk-in,USDA agency.
Colt,Northeast Arkansas,End Time Harvest Outreach Ministries,"1013 Hwy 306 W., Colt, AR 72326","Regular Food Pantry Monday, Wednesday, Friday 9:15 am - 10:15 am","RRULE:FREQ=WEEKLY;BYDAY=MO,WE,FR",09:15,60,870-821-2659,https://foodbankofnea.org/county/st-francis,none stated,walk-in,
Corning,Northeast Arkansas,Agape Mission Outreach,"501 W. 2nd St., Corning, AR 72422",Food Pantry First Tuesday of the Month 7 a.m. - 12 p.m.,RRULE:FREQ=MONTHLY;BYDAY=1TU,07:00,300,870-857-1520,https://foodbankofnea.org/county/clay,none stated,walk-in,Food pantry; clothes closet is separate.
Cotton Plant,Northeast Arkansas,Cotton Plant Food Pantry,"110 Main St., Cotton Plant, AR 72036",3rd Wednesday 4:00 pm - 5:30 pm,RRULE:FREQ=MONTHLY;BYDAY=3WE,16:00,90,870-731-4162,https://foodbankofnea.org/county/woodruff,none stated,walk-in,
Earle,Northeast Arkansas,Total Deliverance,"400 Commerce St., Earle, AR 72331",Monday - Friday 9 a.m. - 3 p.m.,"RRULE:FREQ=WEEKLY;BYDAY=MO,TU,WE,TH,FR",09:00,360,870-792-0177 or 870-636-8798,https://foodbankofnea.org/county/crittenden,none stated,walk-in,USDA agency.
Forrest City,Northeast Arkansas,Care Center,"302 N. Rosser St., Forrest City, AR 72336",Monday & Wednesday 9:30 a.m. - 1:30 p.m.,"RRULE:FREQ=WEEKLY;BYDAY=MO,WE",09:30,240,870-633-2273,https://foodbankofnea.org/county/st-francis,none stated,walk-in,USDA agency.
Forrest City,Northeast Arkansas,Care Center,"302 N. Rosser St., Forrest City, AR 72336",Tuesday 9:30 am - 11:00 am,RRULE:FREQ=WEEKLY;BYDAY=TU,09:30,90,870-633-2273,https://foodbankofnea.org/county/st-francis,none stated,walk-in,USDA agency.
Gosnell,Northeast Arkansas,The Naked Truth Training and Empowerment Center,"1665 East CR 36, Gosnell, AR 72315",Tuesdays & Thursdays 9 a.m. - 4 p.m.,"RRULE:FREQ=WEEKLY;BYDAY=TU,TH",09:00,420,870-532-1501,https://foodbankofnea.org/county/mississippi,none stated,walk-in,
Harrisburg,Northeast Arkansas,Bread of Life,"204 S. Main St., Harrisburg, AR 72432",Tuesdays 10 a.m. - 12:30 p.m.,RRULE:FREQ=WEEKLY;BYDAY=TU,10:00,150,870-578-5407,https://foodbankofnea.org/county/poinsett,none stated,walk-in,USDA agency.
Hickory Ridge,Northeast Arkansas,Hickory Ridge Food Pantry,"213 2nd St., Hickory Ridge, AR 72347",First & Third Tuesday of the Month 8-10 a.m.,"RRULE:FREQ=MONTHLY;BYDAY=1TU,3TU",08:00,120,870-697-3360,https://foodbankofnea.org/county/cross,none stated,walk-in,
Hoxie,Northeast Arkansas,Hoxie First Baptist Church,"200 Southwest Lindsey, Hoxie, AR 72433",Last Monday of the Month 11am-2pm,RRULE:FREQ=MONTHLY;BYDAY=-1MO,11:00,180,870-886-2360,https://foodbankofnea.org/county/lawrence,none stated,walk-in,
Hughes,Northeast Arkansas,Hughes Christian Outreach,"201 Blackwood St., Hughes, AR 72348",3rd Friday 1 pm - 4 pm,RRULE:FREQ=MONTHLY;BYDAY=3FR,13:00,180,870-270-2316,https://foodbankofnea.org/county/st-francis,none stated,walk-in,USDA agency.
Imboden,Northeast Arkansas,Imboden First Baptist Church,"401 W. 4th St., Imboden, AR 72434",Last Thursday of the month 9 - 10 a.m.,RRULE:FREQ=MONTHLY;BYDAY=-1TH,09:00,60,501-278-6805,https://foodbankofnea.org/county/lawrence,none stated,walk-in,
Joiner,Northeast Arkansas,The Help Center at FBC,"7301 S. Highway 61, Joiner, AR 72350",2nd Friday 9 - 10:30 am,RRULE:FREQ=MONTHLY;BYDAY=2FR,09:00,90,870-292-4322,https://foodbankofnea.org/county/mississippi,none stated,walk-in,
Joiner,Northeast Arkansas,The Help Center at FBC,"7301 S. Highway 61, Joiner, AR 72350",Sundays 9 a.m. - Noon,RRULE:FREQ=WEEKLY;BYDAY=SU,09:00,180,870-292-4322,https://foodbankofnea.org/county/mississippi,none stated,walk-in,
Jonesboro,Northeast Arkansas,Helping Neighbors,"501 W. Highland Dr., Jonesboro, AR 72401","Tuesday, Thursday 10 a.m. - 2 p.m.","RRULE:FREQ=WEEKLY;BYDAY=TU,TH",10:00,240,870-935-7298,http://www.helpingneighbors-craighead.org/,Craighead County residents; ID/income/residence documentation may be required,walk-in,USDA agency; walking route from nearest bus stop.
Jonesboro,Northeast Arkansas,Helping Neighbors,"501 W. Highland Dr., Jonesboro, AR 72401",First Tuesday evenings of each month 5 - 7 p.m.,RRULE:FREQ=MONTHLY;BYDAY=1TU,17:00,120,870-935-7298,http://www.helpingneighbors-craighead.org/,Craighead County residents; ID/income/residence documentation may be required,walk-in,USDA agency; walking route from nearest bus stop.
Jonesboro,Northeast Arkansas,Hope House of Jonesboro,"111 N. Fisher St., Jonesboro, AR 72401",Monday - Thursday Breakfast: 8 a.m. - 10 a.m.,"RRULE:FREQ=WEEKLY;BYDAY=MO,TU,WE,TH",08:00,120,870-333-5506,https://foodbankofnea.org/county/craighead,none stated,hot meal,Walk-in breakfast.
Jonesboro,Northeast Arkansas,Hope House of Jonesboro,"111 N. Fisher St., Jonesboro, AR 72401",Monday - Thursday Lunch: 11 a.m. - 1 p.m.,"RRULE:FREQ=WEEKLY;BYDAY=MO,TU,WE,TH",11:00,120,870-333-5506,https://foodbankofnea.org/county/craighead,none stated,hot meal,Walk-in lunch.
Jonesboro,Northeast Arkansas,Hope House of Jonesboro,"111 N. Fisher St., Jonesboro, AR 72401",Food Pantry Mondays & Wednesdays 9 a.m. -10 a.m.,"RRULE:FREQ=WEEKLY;BYDAY=MO,WE",09:00,60,870-333-5506,https://foodbankofnea.org/county/craighead,none stated,walk-in,
Jonesboro,Northeast Arkansas,Nettleton Baptist Church,"7001 E. Johnson Ave., Jonesboro, AR 72402",Third Wednesday of the month 1 - 3 p.m.,RRULE:FREQ=MONTHLY;BYDAY=3WE,13:00,120,870-932-4960,https://foodbankofnea.org/county/craighead,none stated,walk-in,Route from nearest bus stop.
Jonesboro,Northeast Arkansas,North Jonesboro CDC,"911 Magnolia Rd., Jonesboro, AR 72401",Monday 10:00am-2:00pm,RRULE:FREQ=WEEKLY;BYDAY=MO,10:00,240,870-301-8473,https://foodbankofnea.org/county/craighead,none stated,walk-in,
Jonesboro,Northeast Arkansas,Northpointe Church of Christ,"1512 E. Washington Ave., Jonesboro, AR 72401",Third Saturday of the month 9 - 11 a.m.,RRULE:FREQ=MONTHLY;BYDAY=3SA,09:00,120,870-530-1542,https://foodbankofnea.org/county/craighead,none stated,walk-in,Walking routes from Johnson Ave. and Wolfcreek Apartments bus stops.
Jonesboro,Northeast Arkansas,Provision 88,"1404 Stone St., Jonesboro, AR 72401",Every Tuesday & Thursday 10 AM-1:45 PM,"RRULE:FREQ=WEEKLY;BYDAY=TU,TH",10:00,225,870-932-3914,https://www.refugechurchag.com/provision88,none stated,walk-in,Self-service shopping; no advance registration stated.
Jonesboro,Northeast Arkansas,Salvation Army,"800 Cate Ave., Jonesboro, AR 72401","Food Pantry: first come, first served, Tuesdays & Thursdays 9:00 am - 12:00 pm","RRULE:FREQ=WEEKLY;BYDAY=TU,TH",09:00,180,870-932-3785,https://foodbankofnea.org/county/craighead,none stated,walk-in,Food pantry; sack lunch and hot meal are separate services.
Jonesboro,Northeast Arkansas,Salvation Army,"800 Cate Ave., Jonesboro, AR 72401",Hot Meal: Daily from 5:00-6:00 pm,RRULE:FREQ=DAILY,17:00,60,870-932-3785,https://foodbankofnea.org/county/craighead,none stated,hot meal,Hot meal listed by Food Bank.
Jonesboro,Northeast Arkansas,Salvation Army,"800 Cate Ave., Jonesboro, AR 72401","Sack Lunch: Monday - Thursday 12:00-1:00 pm, upon availability","RRULE:FREQ=WEEKLY;BYDAY=MO,TU,WE,TH",12:00,60,870-932-3785,https://foodbankofnea.org/county/craighead,none stated,hot meal,Upon availability.
Jonesboro,Northeast Arkansas,Southwest Church of Christ,"1601 James St., Jonesboro, AR 72401",Thursdays 9:00 am - 1:00 pm,RRULE:FREQ=WEEKLY;BYDAY=TH,09:00,240,870-932-9254,https://foodbankofnea.org/county/craighead,none stated,walk-in,USDA agency; walking route from nearest bus stop.
Jonesboro,Northeast Arkansas,Temple Baptist Church,"2834 Race St., Jonesboro, AR 72401",Second Friday of the month 9 a.m. - 11 a.m.,RRULE:FREQ=MONTHLY;BYDAY=2FR,09:00,120,870-206-5573,https://foodbankofnea.org/county/craighead,none stated,walk-in,Walking route from nearest bus stop.
Lake City,Northeast Arkansas,First Baptist Church of Lake City,"700 4th St., Lake City, AR 72437","Monday, Wednesdays and Fridays 8:00am - 3:30pm","RRULE:FREQ=WEEKLY;BYDAY=MO,WE,FR",08:00,450,870-237-9935,https://www.foodpantries.org/ci/ar-lake-city,none stated,walk-in,Directory listing; verify current hours.
Lake City,Northeast Arkansas,SDCW-ATC,"104 Main St., Lake City, AR 72437",Thursdays 10 a.m. - 1:30 p.m.,RRULE:FREQ=WEEKLY;BYDAY=TH,10:00,210,870-206-0606,https://foodbankofnea.org/county/craighead,none stated,walk-in,USDA agency.
Lake City,Northeast Arkansas,SDCW-ATC,"104 Main St., Lake City, AR 72437",Thursdays 4 - 6 p.m.,RRULE:FREQ=WEEKLY;BYDAY=TH,16:00,120,870-206-0606,https://foodbankofnea.org/county/craighead,none stated,walk-in,USDA agency.
Leachville,Northeast Arkansas,Leachville Foundation,"406 Main St., Leachville, AR 72438",Saturdays 10 a.m. - 12 p.m.,RRULE:FREQ=WEEKLY;BYDAY=SA,10:00,120,870-450-4016,https://foodbankofnea.org/county/mississippi,none stated,walk-in,
Luxora,Northeast Arkansas,Lighthouse Prayer Temple,"627 West St., Luxora, AR 72358",Tuesdays 5 p.m. - 6 p.m.,RRULE:FREQ=WEEKLY;BYDAY=TU,17:00,60,870-549-9087,https://foodbankofnea.org/county/mississippi,none stated,walk-in,Older Food Bank PDF listing; verify current hours.
Manila,Northeast Arkansas,Manila Food Pantry,"203 Baltimore St., Manila, AR 72442",3rd Thursday Noon - 4 p.m.,RRULE:FREQ=MONTHLY;BYDAY=3TH,12:00,240,870-243-4719,https://foodbankofnea.org/county/mississippi,none stated,walk-in,USDA agency.
Marked Tree,Northeast Arkansas,St. John Missionary Baptist Church,"602 Elm St., Marked Tree, AR 72365",3rd Thursday 10:00 am - 12:00 pm,RRULE:FREQ=MONTHLY;BYDAY=3TH,10:00,120,870-375-0347,https://foodbankofnea.org/county/poinsett,none stated,walk-in,
Marked Tree,Northeast Arkansas,Three Rivers Food Pantry,"802 Liberty St., Marked Tree, AR 72365",Second Thursday of the Month 10 a.m. - 1 p.m.,RRULE:FREQ=MONTHLY;BYDAY=2TH,10:00,180,870-930-8163,https://foodbankofnea.org/county/poinsett,none stated,walk-in,USDA agency.
Marmaduke,Northeast Arkansas,Good Samaritan Outreach,"210 E. Main St., Marmaduke, AR 72443",Second Thursday 9:00 am - 12:00 pm,RRULE:FREQ=MONTHLY;BYDAY=2TH,09:00,180,870-450-3592,https://foodbankofnea.org/county/greene,Marmaduke School District residents,walk-in,
McCrory,Northeast Arkansas,ARCare McCrory,"801 N. Edmonds Ave., McCrory, AR 72101",Every Third Tuesday 10 a.m. until food runs out,RRULE:FREQ=MONTHLY;BYDAY=3TU,10:00,180,602-619-1721,https://foodbankofnea.org/county/woodruff,none stated,walk-in,Until food runs out.
Newport,Northeast Arkansas,Newport Pentecostal Church of God/Manna Food Pantry,"2716 Hwy 367 S., Newport, AR 72112",Tuesdays 8 a.m. until food runs out,RRULE:FREQ=WEEKLY;BYDAY=TU,08:00,180,870-201-0199,https://foodbankofnea.org/county/jackson,none stated,walk-in,USDA agency; until food runs out.
Osceola,Northeast Arkansas,Broadway Community Outreach,"207 N. Elm St., Osceola, AR 72370",1st and 3rd Monday 9 a.m. - 12 p.m.,"RRULE:FREQ=MONTHLY;BYDAY=1MO,3MO",09:00,180,870-822-0511,https://foodbankofnea.org/county/mississippi,photo ID and Social Security card may be required,walk-in,USDA agency.
Osceola,Northeast Arkansas,SHIFT Family Outreach,"619 S. Broadway, Osceola, AR 72370",Monday - Friday 11:30 a.m. - 1:30 p.m.,"RRULE:FREQ=WEEKLY;BYDAY=MO,TU,WE,TH,FR",11:30,120,870-563-0303,https://foodbankofnea.org/county/mississippi,none stated,hot meal,Soup kitchen/shelter.
Palestine,Northeast Arkansas,El Cannon Missionary Baptist Church,"2926 St. Francis 815, Palestine, AR 72372",3rd Saturday 9 a.m. - 11 a.m.,RRULE:FREQ=MONTHLY;BYDAY=3SA,09:00,120,,https://foodbankofnea.org/county/st-francis,none stated,walk-in,
Palestine,Northeast Arkansas,El Cannon Missionary Baptist Church,"2926 St. Francis 815, Palestine, AR 72372",3rd Wednesday 9 a.m. - 11 a.m.,RRULE:FREQ=MONTHLY;BYDAY=3WE,09:00,120,,https://foodbankofnea.org/county/st-francis,none stated,walk-in,
Paragould,Northeast Arkansas,7th & Mueller Church of Christ,"1000 S. 7th St., Paragould, AR 72450",Thursdays 9:00 am - 1:00 pm,RRULE:FREQ=WEEKLY;BYDAY=TH,09:00,240,870-239-9442,https://foodbankofnea.org/county/greene,photo ID/proof of income and residency may be required,walk-in,
Paragould,Northeast Arkansas,Brown's Chapel Baptist Church,"3800 S. Rockingchair Rd., Paragould, AR 72450",Third Saturday 10:00 am - 11:30 am,RRULE:FREQ=MONTHLY;BYDAY=3SA,10:00,90,870-236-2086,https://foodbankofnea.org/county/greene,none stated,walk-in,
Paragould,Northeast Arkansas,Center Hill Church of Christ,"4904 Walcott Rd., Paragould, AR 72450",Tuesdays and Thursdays 9:00 am - 11:00 am,"RRULE:FREQ=WEEKLY;BYDAY=TU,TH",09:00,120,870-239-8032,https://foodbankofnea.org/county/greene,none stated,walk-in,
Paragould,Northeast Arkansas,God's Harvest for Our Neighbors,"3526 Hwy 141 N., Paragould, AR 72450",Wednesdays 5:00 pm - 6:00 pm,RRULE:FREQ=WEEKLY;BYDAY=WE,17:00,60,501-283-2334,https://foodbankofnea.org/county/greene,none stated,walk-in,USDA agency.
Paragould,Northeast Arkansas,Grace Baptist Church,"2904 Fairview Rd., Paragould, AR 72450",2nd & 4th Wednesday 10:00 am - 12:00 pm,"RRULE:FREQ=MONTHLY;BYDAY=2WE,4WE",10:00,120,870-240-5812,https://foodbankofnea.org/county/greene,none stated,walk-in,
Paragould,Northeast Arkansas,Griffin Memorial United Methodist Church,"524 E. Court St., Paragould, AR 72450",Tuesdays & Thursdays 10:00 am - 2:00 pm,"RRULE:FREQ=WEEKLY;BYDAY=TU,TH",10:00,240,870-476-1472,https://foodbankofnea.org/county/greene,none stated,walk-in,Food pantry/soup kitchen; sack lunches on Tuesdays. USDA agency.
Paragould,Northeast Arkansas,Mission Outreach of NEA,"901 E. Lake St., Paragould, AR 72450",Mondays & Thursdays 9:00 am - 12:00 pm,"RRULE:FREQ=WEEKLY;BYDAY=MO,TH",09:00,180,870-236-8080,https://www.missionoutreachnea.com/services/food-programs,Greene County ID and income requirements for food box,walk-in,USDA food pantry; walk-in.
Paragould,Northeast Arkansas,Mission Outreach of NEA,"901 E. Lake St., Paragould, AR 72450",Mondays & Thursdays 1:00 pm - 4:00 pm,"RRULE:FREQ=WEEKLY;BYDAY=MO,TH",13:00,180,870-236-8080,https://www.missionoutreachnea.com/services/food-programs,Greene County ID and income requirements for food box,walk-in,USDA food pantry; walk-in.
Paragould,Northeast Arkansas,Mission Outreach of NEA,"901 E. Lake St., Paragould, AR 72450",Soup Kitchen breakfast daily 6:00 am - 7:00 am,RRULE:FREQ=DAILY,06:00,60,870-236-8080,https://www.missionoutreachnea.com/services/food-programs,none stated,hot meal,Anyone may walk in; sign-in is for statistics only.
Paragould,Northeast Arkansas,Mission Outreach of NEA,"901 E. Lake St., Paragould, AR 72450",Soup Kitchen lunch daily 12:00 pm - 1:00 pm,RRULE:FREQ=DAILY,12:00,60,870-236-8080,https://www.missionoutreachnea.com/services/food-programs,none stated,hot meal,Anyone may walk in; sign-in is for statistics only.
Paragould,Northeast Arkansas,Mission Outreach of NEA,"901 E. Lake St., Paragould, AR 72450",Soup Kitchen dinner daily 5:00 pm - 6:00 pm,RRULE:FREQ=DAILY,17:00,60,870-236-8080,https://www.missionoutreachnea.com/services/food-programs,none stated,hot meal,Anyone may walk in; sign-in is for statistics only.
Paragould,Northeast Arkansas,The Witt House,"501 W. Garland St., Paragould, AR 72450",Tuesdays 4:30 pm - 6:00 pm,RRULE:FREQ=WEEKLY;BYDAY=TU,16:30,90,870-239-8541,https://foodbankofnea.org/county/greene,photo ID; registration form completed at visit,walk-in,Food-choice operation; no advance registration stated.
Paragould,Northeast Arkansas,The Witt House,"501 W. Garland St., Paragould, AR 72450",Fridays 9:30 am - 11:00 am,RRULE:FREQ=WEEKLY;BYDAY=FR,09:30,90,870-239-8541,https://foodbankofnea.org/county/greene,photo ID; registration form completed at visit,walk-in,Food-choice operation; no advance registration stated.
Paragould,Northeast Arkansas,West View Baptist Church,"701 W. Morgan St., Paragould, AR 72450",Thursdays 10:00 am - 2:00 pm,RRULE:FREQ=WEEKLY;BYDAY=TH,10:00,240,870-236-7195,https://foodbankofnea.org/county/greene,none stated,walk-in,
Parkin,Northeast Arkansas,AR Care - Parkin,"85 W. Front St., Parkin, AR 72373","Mobile Distribution at Shady Grove Missionary Baptist Church, Third Thursday of the Month",RRULE:FREQ=MONTHLY;BYDAY=3TH,09:00,120,870-347-3349,https://foodbankofnea.org/county/cross,none stated,mobile pantry,Mobile distribution; start time estimated.
Piggott,Northeast Arkansas,Emmanuel Baptist Church,"829 E. North St., Piggott, AR 72454",Second Tuesday of the month 8 - 11:30 a.m.,RRULE:FREQ=MONTHLY;BYDAY=2TU,08:00,210,870-598-5128,https://foodbankofnea.org/county/clay,none stated,walk-in,USDA agency.
Piggott,Northeast Arkansas,WINGS Food Pantry at First General Baptist Church,"485 West Horseshoe Dr., Piggott, AR 72454",Fourth Monday of the month Drive-thru 2-4 p.m.,RRULE:FREQ=MONTHLY;BYDAY=4MO,14:00,120,870-598-2168,https://foodbankofnea.org/county/clay,none stated,drive-thru,
Pocahontas,Northeast Arkansas,Beyond the Walls Outreach,"1034 Hwy 62 W, Pocahontas, AR 72455",Food Pantry Monday - Friday 9:30 am - 5:00 pm,"RRULE:FREQ=WEEKLY;BYDAY=MO,TU,WE,TH,FR",09:30,450,870-378-6116,https://foodbankofnea.org/county/randolph,none stated,walk-in,Clothes closet is separate.
Pocahontas,Northeast Arkansas,Beyond the Walls Outreach,"1034 Hwy 62 W, Pocahontas, AR 72455",Saturday 10:00 am - 3:00 pm,RRULE:FREQ=WEEKLY;BYDAY=SA,10:00,300,870-378-6116,https://foodbankofnea.org/county/randolph,none stated,walk-in,Clothes closet is separate.
Pocahontas,Northeast Arkansas,Black River Area Development,"1403 Hospital Dr., Pocahontas, AR 72455",Monday - Friday 8:00 am - 4:30 pm,"RRULE:FREQ=WEEKLY;BYDAY=MO,TU,WE,TH,FR",08:00,510,870-892-4547,https://foodbankofnea.org/county/randolph,none stated,walk-in,
Pocahontas,Northeast Arkansas,Trinity Fellowship Church,"1302 Decker St., Pocahontas, AR 72455",Third Thursday of the Month 1:00 p.m. until food runs out,RRULE:FREQ=MONTHLY;BYDAY=3TH,13:00,180,870-810-1210,https://foodbankofnea.org/county/randolph,none stated,walk-in,USDA agency; until food runs out.
Pocahontas,Northeast Arkansas,West Ridge Church of Christ,"3954 Hwy 62 West, Pocahontas, AR 72455",Second and Fourth Friday 8:30 - 11 a.m.,"RRULE:FREQ=MONTHLY;BYDAY=2FR,4FR",08:30,150,870-892-4705,https://foodbankofnea.org/county/randolph,none stated,walk-in,
Rector,Northeast Arkansas,Rector Food Pantry,"701 S. Main St., Rector, AR 72461",Third Wednesday of the Month 8:30 - 10:30 a.m.,RRULE:FREQ=MONTHLY;BYDAY=3WE,08:30,120,870-595-4097,https://foodbankofnea.org/county/clay,none stated,walk-in,USDA agency.
Swifton,Northeast Arkansas,Swifton First Assembly of God,"404 Felicia St., Swifton, AR 72471","Every 2nd Wednesday, 5-6:30 p.m.",RRULE:FREQ=MONTHLY;BYDAY=2WE,17:00,90,870-897-4621,https://foodbankofnea.org/county/jackson,none stated,walk-in,
Trumann,Northeast Arkansas,Grace & Groceries,"220 N. Pine St., Trumann, AR 72472",1st & 3rd Wednesday 3 p.m - 5 p.m,"RRULE:FREQ=MONTHLY;BYDAY=1WE,3WE",15:00,120,870-770-1905,https://foodbankofnea.org/county/poinsett,none stated,walk-in,
Trumann,Northeast Arkansas,Trumann Food Pantry,"610 Walnut St., Trumann, AR 72472",Tuesdays & Fridays 10 a.m. - 1 p.m.,"RRULE:FREQ=WEEKLY;BYDAY=TU,FR",10:00,180,870-483-1118,https://foodbankofnea.org/county/poinsett,none stated,walk-in,USDA agency.
Tuckerman,Northeast Arkansas,Tuckerman Food Pantry,"201.5 Hwy 367, Tuckerman, AR 72473",Monday: 9am - 2:30 pm,RRULE:FREQ=WEEKLY;BYDAY=MO,09:00,330,870-624-2004,https://foodbankofnea.org/county/jackson,none stated,walk-in,USDA agency.
Walnut Ridge,Northeast Arkansas,Lawrence Healthcare Community Food Pantry,"1217 W. Main St., Walnut Ridge, AR 72476",1st Monday: 9-11 a.m.,RRULE:FREQ=MONTHLY;BYDAY=1MO,09:00,120,870-886-4142,https://foodbankofnea.org/county/lawrence,none stated; organizer posts no income requirements,walk-in,USDA agency.
Walnut Ridge,Northeast Arkansas,Lawrence Healthcare Community Food Pantry,"1217 W. Main St., Walnut Ridge, AR 72476",3rd Monday: 4-6 p.m.,RRULE:FREQ=MONTHLY;BYDAY=3MO,16:00,120,870-886-4142,https://foodbankofnea.org/county/lawrence,none stated; organizer posts no income requirements,walk-in,USDA agency.
Walnut Ridge,Northeast Arkansas,Lawrence Healthcare Community Food Pantry,"1217 W. Main St., Walnut Ridge, AR 72476",4th Monday: 4-5 p.m. USDA only,RRULE:FREQ=MONTHLY;BYDAY=4MO,16:00,60,870-886-4142,https://foodbankofnea.org/county/lawrence,USDA eligibility,walk-in,USDA-only session.
Walnut Ridge,Northeast Arkansas,Walnut Ridge First Baptist Church,"322 SW Front St., Walnut Ridge, AR 72476",Third Thursday of the Month 1 - 4 p.m.,RRULE:FREQ=MONTHLY;BYDAY=3TH,13:00,180,870-886-2722,http://www.fbcwalnutridge.org/food-pantry,Lawrence County residents,walk-in,
West Memphis,Northeast Arkansas,Good Neighbor Love Center Food Pantry,"709 E. Broadway Ave., West Memphis, AR 72301",Monday - Friday 10:00am - 2:00pm,"RRULE:FREQ=WEEKLY;BYDAY=MO,TU,WE,TH,FR",10:00,240,870-735-0870,https://www.foodpantries.org/li/good-neighbor-love-center,Crittenden County residents; state-issued photo ID; proof of residency if ID lacks county address,walk-in,No appointment necessary; directory listing says walk-ins and once-monthly visits. Verify hours before visiting.
West Memphis,Northeast Arkansas,Hope House Ministries,"653 Hwy 77, West Memphis, AR 72301","Monday, Wednesday, Thursday 10 a.m - 1 p.m","RRULE:FREQ=WEEKLY;BYDAY=MO,WE,TH",10:00,180,870-732-4902,https://foodbankofnea.org/county/crittenden,none stated,walk-in,USDA agency.
West Memphis,Northeast Arkansas,Hope House Ministries,"653 Hwy 77, West Memphis, AR 72301",Tuesday 3 p.m - 5 p.m,RRULE:FREQ=WEEKLY;BYDAY=TU,15:00,120,870-732-4902,https://foodbankofnea.org/county/crittenden,none stated,walk-in,USDA agency.
Wynne,Northeast Arkansas,The Good Shepherd Center,"303 Union Ave., Wynne, AR 72396",Tuesdays 10 a.m - 12 p.m,RRULE:FREQ=WEEKLY;BYDAY=TU,10:00,120,870-238-8322,https://foodbankofnea.org/county/cross,none stated,walk-in,USDA agency.
Wynne,Northeast Arkansas,The Store House (Calvary Fellowship Church),"951 Highway 64, Wynne, AR 72396",3rd Saturday of the month 8am-10am,RRULE:FREQ=MONTHLY;BYDAY=3SA,08:00,120,870-587-0422,https://foodbankofnea.org/county/cross,none stated,walk-in,
Alma,River Valley,Alma Community Outreach Center,"135 Fayetteville Avenue, Alma, AR 72921","Thursdays and Saturdays, 8:00-11:00 AM","RRULE:FREQ=WEEKLY;BYDAY=TH,SA",08:00,180,(479) 430-7660,https://www.almaoutreach.org/services,"Proof of address and current photo ID; residents of Alma, Mountainburg, Mulberry, Kibler, Dyer, or Rudy",walk-in,"Stop by during open hours; physical-address listings differ (135 Fayetteville vs 227 Cherry), verify."
Barling,River Valley,Barling First Baptist Food Pantry,,"3rd Thursday; spring/summer 8:00-11:00 AM, fall/winter 1:00-4:00 PM",RRULE:FREQ=MONTHLY;BYDAY=3TH,08:00,180,,https://www.nwahomepage.com/news/food-pantries-in-northwest-arkansas-river-valley/,Photo ID and proof of address; USDA agency,walk-in,Street address not published; seasonal times. Call for exact location.
Booneville,River Valley,Seventh-day Adventist Food Pantry Booneville,"171 Industrial Park Road, Booneville, AR 72927","Every other Thursday, 1:00-3:00 PM",RRULE:FREQ=WEEKLY;INTERVAL=2;BYDAY=TH,13:00,120,,https://www.facebook.com/p/Seventh-day-Adventist-Food-Pantry-Booneville-Arkansas-100086150901043/,none stated,walk-in,Organization Facebook page lists open every other Thursday.
Cedarville,River Valley,Cedarville First Baptist Church Food Pantry,"10744 Highway 59 North, Cedarville, AR 72932","1st Saturday, 11:00 AM",RRULE:FREQ=MONTHLY;BYDAY=1SA,11:00,120,(479) 474-0654,https://www.nwahomepage.com/news/food-pantries-in-northwest-arkansas-river-valley/,Crawford County residents only,walk-in,Local news lists first Saturday monthly; bring photo ID; 2-hour duration estimated.
Charleston,River Valley,Charleston Ministerial Alliance Food Bank,"S Hwy 217, Charleston, AR 72933","Thursdays, 9:00 AM-noon",RRULE:FREQ=WEEKLY;BYDAY=TH,09:00,180,(479) 965-5075,https://www.facebook.com/groups/charlestonfoodbank/posts/605083275489395/,none stated,walk-in,Facebook post says open weekly; local news also lists Sacred Heart/505 Southway Alley; verify location.
Chester,River Valley,Living Waters Food Pantry,"305 North Front Street, Chester, AR 72934","3rd Tuesday, 3:00-5:00 PM",RRULE:FREQ=MONTHLY;BYDAY=3TU,15:00,120,(479) 651-3734,https://www.foodpantries.org/li/living_waters_food_pantry_72934,none stated,walk-in,Directory says pantry distribution; call to confirm holiday changes.
Clarksville,River Valley,Clarksville Seventh-day Adventist Church Food Pantry,"2514 West Main Street, Clarksville, AR 72830","Tuesdays, 9:00-11:00 AM",RRULE:FREQ=WEEKLY;BYDAY=TU,09:00,120,(225) 754-2376,https://www.foodpantries.org/li/seven_adventist_church-food-pantry,No appointment necessary; no documents stated,walk-in,Directory Q&A says â€œJust show upâ€ and no appointment.
Clarksville,River Valley,Compassion Center (Second Baptist Church),"709 Oak Street, Clarksville, AR 72830","Tuesdays and Thursdays, 10:00 AM-noon","RRULE:FREQ=WEEKLY;BYDAY=TU,TH",10:00,120,(479) 754-2930,https://www.atu.edu/hwc/educationandresources/localresources.php,Johnson County residents; proof of address,walk-in,Current directory says walk-in/no appointment.
Clarksville,River Valley,Compassion Center (Second Baptist Church),"709 Oak Street, Clarksville, AR 72830","Tuesdays and Thursdays, 5:00-7:00 PM","RRULE:FREQ=WEEKLY;BYDAY=TU,TH",17:00,120,(479) 754-2930,https://www.atu.edu/hwc/educationandresources/localresources.php,Johnson County residents; proof of address,walk-in,Current directory says walk-in/no appointment.
Clarksville,River Valley,Interfaith Services Network,"208 South Cravens Street, Clarksville, AR 72830","Monday-Friday, 9:00 AM-noon","RRULE:FREQ=WEEKLY;BYDAY=MO,TU,WE,TH,FR",09:00,180,(479) 754-2428,https://www.atu.edu/hwc/educationandresources/localresources.php,Johnson County residents in crisis; driver license/income may be requested,walk-in,Directory lists regular weekday pantry hours.
Danville,River Valley,Danville First Baptist Church Food Pantry,"1009 Main Street, Danville, AR 72833","Monday-Friday, 8:00 AM-4:00 PM","RRULE:FREQ=WEEKLY;BYDAY=MO,TU,WE,TH,FR",08:00,480,(479) 495-2873,https://www.foodpantries.org/li/first_baptist_church_and_danville_72833,Yell County residents; documents may be requested,walk-in,Feed America marks walk-ins accepted.
Dardanelle,River Valley,Sharing and Caring,"107 State Street, Dardanelle, AR 72834","Mondays, Wednesdays and Fridays, 8:30-11:30 AM","RRULE:FREQ=WEEKLY;BYDAY=MO,WE,FR",08:30,180,(479) 229-1220,https://www.foodpantries.org/li/care_and_share_dardanelle_72834,none stated,walk-in,Directory listing; call to confirm.
Fort Smith,River Valley,Antioch for Youth & Family Pantry,"1420 North 32nd Street, Fort Smith, AR 72904","Mondays-Wednesdays, 10:00 AM-2:00 PM","RRULE:FREQ=WEEKLY;BYDAY=MO,TU,WE",10:00,240,,https://www.swtimes.com/story/news/2025/10/29/where-can-you-find-food-pantries-food-banks-in-the-river-valley/86936178007/,ID and proof of address; last week also USDA,walk-in,Closed Fridays; local news schedule.
Fort Smith,River Valley,Antioch for Youth & Family Pantry,"1420 North 32nd Street, Fort Smith, AR 72904","Thursdays, 10:00 AM-3:00 PM",RRULE:FREQ=WEEKLY;BYDAY=TH,10:00,300,,https://www.swtimes.com/story/news/2025/10/29/where-can-you-find-food-pantries-food-banks-in-the-river-valley/86936178007/,ID and proof of address; last week also USDA,walk-in,Closed Fridays; local news schedule.
Fort Smith,River Valley,Calvary Baptist Church Food Pantry,"2301 Midland Boulevard, Fort Smith, AR 72904","Wednesdays, 6:00-7:00 PM",RRULE:FREQ=WEEKLY;BYDAY=WE,18:00,60,(479) 783-7279,https://www.foodpantries.org/li/ar_fort-smith_calvary-baptist-church-food-pantry,none stated,walk-in,Directory lists distribution hours.
Fort Smith,River Valley,Calvary Baptist Church Food Pantry,"2301 Midland Boulevard, Fort Smith, AR 72904","Sundays, 9:45 AM-noon",RRULE:FREQ=WEEKLY;BYDAY=SU,09:45,135,(479) 783-7279,https://www.foodpantries.org/li/ar_fort-smith_calvary-baptist-church-food-pantry,none stated,walk-in,Directory lists distribution hours.
Fort Smith,River Valley,Calvary Baptist Church Food Pantry,"2301 Midland Boulevard, Fort Smith, AR 72904","Sundays, 5:00-6:00 PM",RRULE:FREQ=WEEKLY;BYDAY=SU,17:00,60,(479) 783-7279,https://www.foodpantries.org/li/ar_fort-smith_calvary-baptist-church-food-pantry,none stated,walk-in,Directory lists distribution hours.
Fort Smith,River Valley,Cavanaugh Free Will Baptist Church Food Pantry,"2825 Grinnell Street, Fort Smith, AR 72908","Mondays, 10:00-11:00 AM",RRULE:FREQ=WEEKLY;BYDAY=MO,10:00,60,(479) 646-2806,https://cavanaughchurch.com/food-pantry,Picture ID; once per month; USDA income qualification may apply,walk-in,Church site confirms weekly Monday distribution.
Fort Smith,River Valley,Goddard United Methodist Church Food Pantry,"1922 Dodson Avenue, Fort Smith, AR 72901","Wednesdays and Thursdays, 9:00-11:30 AM","RRULE:FREQ=WEEKLY;BYDAY=WE,TH",09:00,150,(479) 785-1415,https://www.goddardumc.org/missions.html,Photo ID and proof of address for first visit; once every 3 months,walk-in,Church site confirms anyone may come; limited to 30 bags/week.
Fort Smith,River Valley,Goddard United Methodist Church Food Pantry,"1922 Dodson Avenue, Fort Smith, AR 72901","Wednesdays and Thursdays, 1:00-3:30 PM","RRULE:FREQ=WEEKLY;BYDAY=WE,TH",13:00,150,(479) 785-1415,https://www.foodpantries.org/li/goddard_united_methodist_72906,Photo ID and proof of address for first visit; once every 3 months,walk-in,Afternoon hours reported by directory; church site confirms morning hours only. Verify.
Fort Smith,River Valley,Mission Point Missionary Baptist Food Pantry,"3220 North 52nd Street, Fort Smith, AR 72904",1st and 3rd Fridays (time not published),"RRULE:FREQ=MONTHLY;BYDAY=1FR,3FR",09:00,120,(479) 785-2450,https://www.homelessshelterdirectory.org/foodbank/ar_mission-point-missionary-baptist,none stated,walk-in,Time not published; 9 AM/2-hour duration estimated for calendar use. Confirm.
Fort Smith,River Valley,Quinn Chapel AME Church Food Pantry,"4200 Young Street, Fort Smith, AR 72904","Mondays and Tuesdays, 10:00 AM-noon","RRULE:FREQ=WEEKLY;BYDAY=MO,TU",10:00,120,(479) 783-7140,https://www.foodpantries.org/li/quinn_chapel_ame_church_72901,Serves Fort Smith; none stated,walk-in,Directory listing; call to confirm current hours.
Fort Smith,River Valley,Salvation Army of Fort Smith Food Pantry,"301 North 6th Street, Fort Smith, AR 72901","Mondays, Wednesdays and Fridays, 9:00-11:00 AM","RRULE:FREQ=WEEKLY;BYDAY=MO,WE,FR",09:00,120,(479) 783-6145,https://search.arkansas211.org/search/cc698fc6-264d-50dd-8bd7-9fd372df6094,Sebastian County; ID for in-home adults and proof of address reported,walk-in,Food pantry boxes; 211 explicitly says walk-in/drive-in pickup.
Fort Smith,River Valley,Salvation Army of Fort Smith Take-and-Go Meals,"301 North 6th Street, Fort Smith, AR 72901","Mondays, Tuesdays, Thursdays, Fridays and Saturdays, 6:00 PM","RRULE:FREQ=WEEKLY;BYDAY=MO,TU,TH,FR,SA",18:00,60,(479) 783-6145,https://search.arkansas211.org/search/cc698fc6-264d-50dd-8bd7-9fd372df6094,No fee; walk-in/drive-in pickup,hot meal,Prepared take-and-go meals; hours vary by day.
Fort Smith,River Valley,Salvation Army of Fort Smith Take-and-Go Meals,"301 North 6th Street, Fort Smith, AR 72901","Wednesdays and Sundays, 5:00 PM","RRULE:FREQ=WEEKLY;BYDAY=WE,SU",17:00,60,(479) 783-6145,https://search.arkansas211.org/search/cc698fc6-264d-50dd-8bd7-9fd372df6094,No fee; walk-in/drive-in pickup,hot meal,Prepared take-and-go meals; hours vary by day.
Fort Smith,River Valley,Southpointe Assembly of God Food Pantry,"1101 Cavanaugh Road, Fort Smith, AR 72908","3rd Saturday, 10:00 AM-noon",RRULE:FREQ=MONTHLY;BYDAY=3SA,10:00,120,,https://www.swtimes.com/story/news/2025/10/29/where-can-you-find-food-pantries-food-banks-in-the-river-valley/86936178007/,Photo ID and proof of address,walk-in,Local news listing.
Fort Smith,River Valley,St. John's Episcopal Church - Secrest Building,"123 North 6th Street, Fort Smith, AR 72901","Monday-Friday, 8:30-9:00 AM","RRULE:FREQ=WEEKLY;BYDAY=MO,TU,WE,TH,FR",08:30,30,(479) 782-9912,https://networks.whyhunger.org/?address=&center_zip=&distance=25&page=1100&s_f=id&s_o=desc&zip=,none stated,hot meal,Soup kitchen breakfast service; walk-in listing.
Fort Smith,River Valley,St. John's Episcopal Church - Secrest Building,"123 North 6th Street, Fort Smith, AR 72901","Monday-Friday, 11:30 AM-noon","RRULE:FREQ=WEEKLY;BYDAY=MO,TU,WE,TH,FR",11:30,30,(479) 782-9912,https://networks.whyhunger.org/?address=&center_zip=&distance=25&page=1100&s_f=id&s_o=desc&zip=,none stated,hot meal,Soup kitchen lunch service; walk-in listing.
Fort Smith,River Valley,St. John's Episcopal Church - Secrest Building,"123 North 6th Street, Fort Smith, AR 72901","Saturdays, 11:30 AM-noon",RRULE:FREQ=WEEKLY;BYDAY=SA,11:30,30,(479) 782-9912,https://networks.whyhunger.org/?address=&center_zip=&distance=25&page=1100&s_f=id&s_o=desc&zip=,none stated,hot meal,Soup kitchen lunch service; walk-in listing.
Greenwood,River Valley,Asbury Food Pantry,"15 West El Paso Street, Greenwood, AR 72936","3rd Thursday, 8:00-10:00 AM",RRULE:FREQ=MONTHLY;BYDAY=3TH,08:00,120,(479) 996-6397,https://asburychurch.com/food-pantry,Open to anyone; USDA items require eligibility/application; no appointment stated,drive-thru,Line up in Family Life Center parking lot; weather closures follow Greenwood Public Schools.
Greenwood,River Valley,First Assembly of God of Greenwood Food Pantry,"725 Park Drive, Greenwood, AR 72936","Wednesdays, 10:00-11:30 AM",RRULE:FREQ=WEEKLY;BYDAY=WE,10:00,90,(479) 996-6030,https://www.foodpantries.org/li/first_assembly_of_god_of_greenwood_72936,Driver license/photo ID and proof of income,walk-in,Listings differ (10-11:30 vs 11-1); verify before publishing.
Greenwood,River Valley,Good Shepherd Presbyterian Food Pantry,"103 West Denver Street, Greenwood, AR 72936","Last Saturday monthly, 8:00-11:00 AM",RRULE:FREQ=MONTHLY;BYDAY=-1SA,08:00,180,,https://www.swtimes.com/story/news/2025/10/29/where-can-you-find-food-pantries-food-banks-in-the-river-valley/86936178007/,Photo ID,walk-in,November and December move to Saturday before holiday; until food is gone.
Greenwood,River Valley,Greenwood Church of the Nazarene Food Pantry,"800 Old Excelsior Road, Greenwood, AR 72936","Wednesdays, 10:00 AM-noon",RRULE:FREQ=WEEKLY;BYDAY=WE,10:00,120,(479) 996-1154,https://www.homelessshelterdirectory.org/foodbank/ar_church-of-the-nazarene-greenwood,none stated,walk-in,Directory listing; call to confirm.
Hackett,River Valley,Hackett First Baptist Church Food Pantry,"401 East Greenwood Street, Hackett, AR 72937","Last Saturday, 2:30-4:00 PM",RRULE:FREQ=MONTHLY;BYDAY=-1SA,14:30,90,(479) 683-7363,https://www.swtimes.com/story/news/2025/10/29/where-can-you-find-food-pantries-food-banks-in-the-river-valley/86936178007/,Photo ID,walk-in,Other directory gives 8410 Mount Zion Road and 4-5 PM; verify.
Havana,River Valley,Havana Assembly of God Food Pantry,"300 East Broadway, Havana, AR 72842","3rd Saturday, 8:00-11:00 AM",RRULE:FREQ=MONTHLY;BYDAY=3SA,08:00,180,(479) 280-8452,https://www.facebook.com/havanafoodbank/,none stated,walk-in,"Organization Facebook says monthly food-box giveaway; older directory gives 310 E Broadway, 9-11. Verify."
Havana,River Valley,Havana Food Pantry,"209 AR-10, Havana, AR 72842","Tuesdays and Fridays, 9:00 AM-noon","RRULE:FREQ=WEEKLY;BYDAY=TU,FR",09:00,180,(479) 280-8452,https://www.conwayregional.org/docs/default-source/crhs/sdoh/food-pantry/yell-county-food.pdf?sfvrsn=156cc66e_3,Photo ID and proof of residency,walk-in,Published county PDF; other listings report 300 E Broadway and 3rd-Saturday giveaway. Verify.
Lavaca,River Valley,Lavaca First Assembly of God / JUDE 22 Food Pantry,"804 East Main Street, Lavaca, AR 72941","3rd Saturday, 10:00 AM-noon",RRULE:FREQ=MONTHLY;BYDAY=3SA,10:00,120,(479) 670-5993,https://www.ngos1.com/US/Lavaca/426712027184331/JUDE-22-FOOD-Pantry,Photo ID; USDA income eligibility/application may apply,walk-in,USDA distribution; org posts occasional date changes and pauses.
Lavaca,River Valley,Lavaca First Baptist Food Pantry,"100 North Main Street, Lavaca, AR 72941","Monday-Thursday, 8:00 AM-4:00 PM","RRULE:FREQ=WEEKLY;BYDAY=MO,TU,WE,TH",08:00,480,(479) 674-2293,https://www.nwahomepage.com/news/food-pantries-in-northwest-arkansas-river-valley/,Emergency assistance only,walk-in,Emergency-only pantry; source does not state appointment requirement.
Magazine,River Valley,Magazine Pentecostal Church of Christ Food Pantry,"138 Carr Street, Magazine, AR 72943","1st Friday, 2:00 PM",RRULE:FREQ=MONTHLY;BYDAY=1FR,14:00,120,(479) 518-1394,https://networks.whyhunger.org/?address=&center_zip=&distance=25&page=1100&s_f=id&s_o=desc&zip=,none stated,walk-in,WhyHunger listing; schedule is sparse and should be verified.
Mansfield,River Valley,Mansfield First Baptist Church - Hand in Hand Food Pantry,"405 East Center Street, Mansfield, AR 72944","Thursdays, 8:30 AM-noon",RRULE:FREQ=WEEKLY;BYDAY=TH,08:30,210,(479) 928-5890,https://arhungeralliance.org/wp-content/uploads/2021/02/PANTRY-LIST-JAN-3.pdf,Driver license/photo ID and proof of income,walk-in,Arkansas Hunger Relief Alliance pantry list gives Thursday hours; directory confirms documentation.
Mena,River Valley,Acts of Love First Assembly of God,"2111 Sutherland Avenue, Mena, AR 71953","2nd Thursday, 1:00-5:30 PM",RRULE:FREQ=MONTHLY;BYDAY=2TH,13:00,270,(479) 394-1229,https://www.uarichmountain.edu/library/documents/Community_Resource_Guide.pdf,Proof of physical address; first visit also proof of income,walk-in,Community resource guide says public distribution.
Mena,River Valley,Board Camp Baptist Church Food Pantry,"107 Polk County Road 63, Mena, AR 71953","3rd Thursday, 10:00 AM-noon",RRULE:FREQ=MONTHLY;BYDAY=3TH,10:00,120,(479) 394-7381,https://www.foodpantries.org/li/board-camp-baptist-church-food-pantry,none stated,walk-in,"Pre-boxed food; Board Camp area, mailing city listed as Mena."
Mena,River Valley,First Baptist Church / 9th Street Ministries,"306 Ninth Street, Mena, AR 71953","Thursdays, 5:00 PM",RRULE:FREQ=WEEKLY;BYDAY=TH,17:00,60,(479) 394-2541,https://mypulsenews.com/polk-county-food-pantries-feeding-ministries/,none stated,hot meal,"Dinner; delivery requires calling by Wednesday, in-person dinner is listed. Older source; verify."
Mena,River Valley,God's Feeding Hands,"1200 Reeves Avenue, Mena, AR 71953","2nd and 4th Mondays, 9:00 AM-noon","RRULE:FREQ=MONTHLY;BYDAY=2MO,4MO",09:00,180,(479) 243-9216,https://search.arkansas211.org/search/39382606-63bf-5edc-9702-926d095f488a,Polk County residents; low-income and/or homeless households,walk-in,211 says call for information; no appointment requirement stated. Verify.
Mena,River Valley,Mena Seventh-day Adventist Food Pantry,"149 Polk Road 43, Mena, AR 71953","1st and 3rd Mondays, 4:00-6:00 PM","RRULE:FREQ=MONTHLY;BYDAY=1MO,3MO",16:00,120,(479) 234-2373,https://www.foodpantries.org/li/mena-seventh-day-adventist-food-pantry,Everyone welcome; no one turned away,walk-in,Across from Polk County Fairgrounds.
Mena,River Valley,Mena Seventh-day Adventist Soup Kitchen,"149 Polk Road 43, Mena, AR 71953","Tuesdays, 11:00 AM-2:00 PM",RRULE:FREQ=WEEKLY;BYDAY=TU,11:00,180,(479) 394-7404,https://kyongcw.com/about/soup-kitchen-ministry/,Everyone welcome; take-out and food boxes reported,hot meal,Older organization ministry page; verify current status.
Mountainburg,River Valley,Feed My Flock,"1401 Highway 71 South, Mountainburg, AR 72946","4th Saturday, 9:00-11:00 AM",RRULE:FREQ=MONTHLY;BYDAY=4SA,09:00,120,(479) 369-2761,https://www.foodpantries.org/li/feed_my_flock_72946,"Proof of address and current photo ID; service area Alma, Mountainburg, Mulberry, Kibler, Dyer, Rudy",walk-in,Call ahead because directory warns schedules can change.
Mountainburg,River Valley,Pigeon Creek Free Will Baptist Food Pantry,"1421 Pigeon Creek Road, Mountainburg, AR 72946","3rd Saturday, 9:00-11:00 AM",RRULE:FREQ=MONTHLY;BYDAY=3SA,09:00,120,(479) 369-4042,https://www.foodpantries.org/ci/ar-ozark,none stated,walk-in,Directory listing says pantry every 3rd Saturday 9-11.
Mulberry,River Valley,Mulberry Community Food Pantry,"610 Church Avenue, Mulberry, AR 72947","2nd Thursday, 9:30-11:30 AM, while supplies last",RRULE:FREQ=MONTHLY;BYDAY=2TH,09:30,120,,https://www.swtimes.com/story/news/2025/10/29/where-can-you-find-food-pantries-food-banks-in-the-river-valley/86936178007/,Photo ID and proof of address,walk-in,While supplies last.
Natural Dam,River Valley,Grandview Assembly of God Food Pantry,"14542 Arkansas 59, Natural Dam, AR 72948","3rd Thursday, 7:00 AM until supplies run out",RRULE:FREQ=MONTHLY;BYDAY=3TH,07:00,180,(479) 929-5659,https://networks.whyhunger.org/?address=&center_zip=&distance=25&page=1100&s_f=id&s_o=desc&zip=,none stated,walk-in,WhyHunger directory; end time estimated and distribution is until supplies run out.
Ola,River Valley,Ola United Methodist Church Food Pantry,"Center and Leigh Streets, Ola, AR 72853","Mondays, 10:00 AM-noon",RRULE:FREQ=WEEKLY;BYDAY=MO,10:00,120,(479) 489-3386,https://www.foodpantries.org/li/ola_united_methodist_church_72853,"Proof of income, Social Security card, driver license/photo ID",walk-in,Serves Ola.
Ola,River Valley,Ola United Methodist Church Food Pantry,"Center and Leigh Streets, Ola, AR 72853","Wednesdays, 10:00 AM-noon",RRULE:FREQ=WEEKLY;BYDAY=WE,10:00,120,(479) 489-3386,https://www.foodpantries.org/li/ola_united_methodist_church_72853,"Proof of income, Social Security card, driver license/photo ID",walk-in,Serves Ola.
Ozark,River Valley,Truth Tabernacle Food Pantry,"115 South 3rd Street, Ozark, AR 72949","2nd Thursday, 1:00-3:00 PM",RRULE:FREQ=MONTHLY;BYDAY=2TH,13:00,120,(501) 766-1280,https://networks.whyhunger.org/?address=&center_zip=&distance=25&page=1100&s_f=id&s_o=desc&zip=,none stated,walk-in,"WhyHunger directory lists 72979, apparently a ZIP typo; verify address."
Paris,River Valley,"Community Outreach Services, Inc.","317 West Walnut Street, Paris, AR 72855","Mondays, Tuesdays, Thursdays and Fridays, 9:00 AM-2:00 PM","RRULE:FREQ=WEEKLY;BYDAY=MO,TU,TH,FR",09:00,300,(479) 963-3300,https://feedam.org/resource/222305,Walk-ins accepted; call for eligibility details,walk-in,Feed America marks walk-ins accepted.
Paris,River Valley,"Community Outreach Services, Inc.","317 West Walnut Street, Paris, AR 72855","Wednesdays, 9:00 AM-noon",RRULE:FREQ=WEEKLY;BYDAY=WE,09:00,180,(479) 963-3300,https://www.foodpantries.org/co/ar-logan,Walk-ins accepted; call for eligibility details,walk-in,Feed America marks walk-ins accepted.
Rover,River Valley,Rover Baptist Church Food Pantry,"19843 Highway 27, Rover, AR 72860","Tuesdays, 9:00 AM-noon",RRULE:FREQ=WEEKLY;BYDAY=TU,09:00,180,(479) 272-4289,https://www.foodpantries.org/co/ar-yell,"Birth certificate, driver license/photo ID, proof of income, Social Security card",walk-in,Directory listing; call to confirm.
Uniontown,River Valley,Uniontown Baptist Church Food Pantry,"5110 Cherokee Hills Trail, Uniontown, AR 72955","4th Saturday, 8:00 AM-noon",RRULE:FREQ=MONTHLY;BYDAY=4SA,08:00,240,(479) 474-6338,https://www.nwahomepage.com/news/food-pantries-in-northwest-arkansas-river-valley/,Photo ID,walk-in,Local news schedule.
Van Buren,River Valley,Heritage Food Pantry - United Methodist Church,"1604 East Pointer Trail, Van Buren, AR 72956","Mondays, 9:30 AM-noon",RRULE:FREQ=WEEKLY;BYDAY=MO,09:30,150,(479) 474-6424,https://www.foodpantries.org/li/heritage_united_methodist_church_72956,"Driver license/photo ID, proof of income, Social Security card",walk-in,Source explicitly says reservations are not required.
Van Buren,River Valley,Heritage Food Pantry - United Methodist Church,"1604 East Pointer Trail, Van Buren, AR 72956","Thursdays, 4:00-6:00 PM",RRULE:FREQ=WEEKLY;BYDAY=TH,16:00,120,(479) 474-6424,https://www.foodpantries.org/li/heritage_united_methodist_church_72956,"Driver license/photo ID, proof of income, Social Security card",walk-in,Source explicitly says reservations are not required.
Van Buren,River Valley,Open Hands Ministry - First Baptist Church of Van Buren,"1121 East Main Street, Van Buren, AR 72956","Tuesdays and Thursdays, 5:30-7:00 PM","RRULE:FREQ=WEEKLY;BYDAY=TU,TH",17:30,90,(479) 474-1271,https://firstvb.com/ministries/open-hands-food-pantry,"Crawford County residents; photo ID, Social Security cards, current utility bill reported",walk-in,Arkansas 211 lists free food pantry hours; Feed America marks walk-ins accepted.
Waldron,River Valley,Manna Ministries,"953 West 5th Street, Waldron, AR 72958","Fridays, 5:30-6:30 AM",RRULE:FREQ=WEEKLY;BYDAY=FR,05:30,60,(479) 207-0981,https://residentnewsnetwork.com/manna-ministry-making-a-difference/,Anyone; no income questions,walk-in,Fresh produce; local report says anyone may collect.
Waldron,River Valley,New Life Center Food Pantry of Waldron,"484 West 8th Street, Waldron, AR 72958","Mondays, 8:00-11:00 AM",RRULE:FREQ=WEEKLY;BYDAY=MO,08:00,180,(479) 207-1860,https://www.foodpantries.org/li/new_life_center_food_pantry_of_waldron_72958,Scott County residents,walk-in,Address/phone differ across directories (502 W 8th and 479-637-3093 also reported); confirm.
Waldron,River Valley,New Life Center Food Pantry of Waldron,"484 West 8th Street, Waldron, AR 72958","Tuesdays, 8:00-10:00 AM",RRULE:FREQ=WEEKLY;BYDAY=TU,08:00,120,(479) 207-1860,https://www.foodpantries.org/li/new_life_center_food_pantry_of_waldron_72958,Scott County residents,walk-in,Address/phone differ across directories; confirm.
Waldron,River Valley,New Life Center Food Pantry of Waldron,"484 West 8th Street, Waldron, AR 72958","Wednesdays, 8:00-11:00 AM",RRULE:FREQ=WEEKLY;BYDAY=WE,08:00,180,(479) 207-1860,https://www.foodpantries.org/li/new_life_center_food_pantry_of_waldron_72958,Scott County residents,walk-in,Address/phone differ across directories; confirm.
Waldron,River Valley,Waldron Pentecostal Church of God Food Pantry,"511 East 6th Street, Waldron, AR 72958","2nd and 4th Wednesdays, 10:00 AM-noon","RRULE:FREQ=MONTHLY;BYDAY=2WE,4WE",10:00,120,(479) 637-6686,https://www.waldronpcg.com/ministries,Emergency callers should call 479-637-6686,walk-in,Churchâ€™s own site gives schedule. USDA distribution is separate and requires eligibility contact.
Waldron,River Valley,Waldron United Methodist Food Pantry,"527 Featherston, Waldron, AR 72958","Tuesdays-Thursdays, 8:00 AM-noon","RRULE:FREQ=WEEKLY;BYDAY=TU,WE,TH",08:00,240,(479) 637-3734,https://networks.whyhunger.org/organisation/12414,none stated,walk-in,WhyHunger directory lists regular pantry hours; call ahead.
Brinkley,South & Delta,Broadmoor Baptist Food Pantry,"1302 N New Orleans St, Brinkley, AR 72021","Wednesday, 10 AM-12 PM",RRULE:FREQ=WEEKLY;BYDAY=WE,10:00,120,870-734-1420,https://www.findhelp.org/broadmoor-baptist-church---brinkley--brinkley-ar--broadmoor-baptist-food-pantry/5968848788258816?postal=72021,photo ID and proof of residency/mail,walk-in,"Current directory gives 10 AM-12 PM; older sources report 6-8 PM, call ahead."
Camden,South & Delta,Fairview United Methodist Church - Good Samaritan Pantry,"2603 Mt Holly Rd SW, Camden, AR 71701","Thursday, 9 AM-12 PM",RRULE:FREQ=WEEKLY;BYDAY=TH,09:00,180,870-231-4383,https://www.freefood.org/l/good_samaritan_food_pantry,photo ID,walk-in,Directory says Thursday hours.
Camden,South & Delta,First United Methodist Church Food Pantry,"223 Jefferson St SW, Camden, AR 71701","Monday, Tuesday and Friday, 9 AM-11 AM","RRULE:FREQ=WEEKLY;BYDAY=MO,TU,FR",09:00,120,479-283-0450,https://sites.vivery.org/first-united-methodist-church-food-pantry-camden-arkansas/camden-ar/11276,Ouachita County residents; non-eligible neighbors also assisted,walk-in,Vivery explicitly says accepts walk-ins; closed major holidays.
Camden,South & Delta,Harmony Grove United Methodist Church (Wanda/Rose Food Pantry),"446 Ouachita Rd 43, Camden, AR 71701","1st Saturday, 8 AM-until food runs out",RRULE:FREQ=MONTHLY;BYDAY=1SA,08:00,60,870-574-1245,https://www.freefood.org/c/ar-camden,Ouachita County residents,mobile pantry,Start only published; duration estimated; arrive early.
Camden,South & Delta,Ruby Snider Ministries,"133 Haynes Ave NW, Camden, AR 71701","Tuesday, 9 AM-2 PM",RRULE:FREQ=WEEKLY;BYDAY=TU,09:00,300,,https://feedam.org/resource/186681,walk-ins accepted; no other requirements stated,walk-in,Feed America explicitly says walk-ins accepted.
Camden,South & Delta,Sue's Table community meal,"223 Jefferson St SW, Camden, AR 71701","Monday, 5 PM-5:30 PM",RRULE:FREQ=WEEKLY;BYDAY=MO,17:00,30,479-283-0450,https://sites.vivery.org/first-united-methodist-church-food-pantry-camden-arkansas/camden-ar/11276,none; all encouraged and welcomed,hot meal,Overview says 4:45 PM while program table says 5-5:30 PM; verify.
Chidester,South & Delta,Chidester Mission House - Rushing Memorial UMC,,"Tuesday, 9 AM-11:30 AM",RRULE:FREQ=WEEKLY;BYDAY=TU,09:00,150,870-685-9298,https://www.foodpantries.org/ci/ar-chidester,photo ID,walk-in,Address not published.
Crossett,South & Delta,Greater Crossett Area Food Pantry,"309 Pine St, Crossett, AR 71635","Monday, Wednesday and Friday, 9:30 AM-11:15 AM","RRULE:FREQ=WEEKLY;BYDAY=MO,WE,FR",09:30,105,870-364-9551,https://www.homelessshelterdirectory.org/foodbank/ar_greater-crosseett-area-food-bank,photo ID,walk-in,Friday end time varies in directories; verify.
Crossett,South & Delta,Greater Crossett Area Food Pantry,"309 Pine St, Crossett, AR 71635","Tuesday, 5:30 PM-7 PM",RRULE:FREQ=WEEKLY;BYDAY=TU,17:30,90,870-364-9551,https://www.homelessshelterdirectory.org/foodbank/ar_greater-crosseett-area-food-bank,photo ID,walk-in,Separate evening distribution window.
DeWitt,South & Delta,DeWitt Caring and Sharing Food Pantry,"408 Court Square, DeWitt, AR 72042","2nd and 4th Tuesday and Thursday, 11:30 AM-12:30 PM","RRULE:FREQ=MONTHLY;BYDAY=2TU,4TU,2TH,4TH",11:30,60,870-830-3028,https://www.stuttgartdailyleader.com/dewitts-caring-and-sharing-food-pantry-assists-south-arkansas-county/,South Arkansas County residents,walk-in,Open four times monthly; local news confirms residents attend during hours.
Dumas,South & Delta,Mount Moriah Baptist Church,"385 N Ash St, Dumas, AR 71639","2nd and 4th Saturday, 9 AM-11 AM","RRULE:FREQ=MONTHLY;BYDAY=2SA,4SA",09:00,120,870-534-6307,https://www.freefood.org/l/ar_71639_mount-moriah-baptist-church,photo ID,walk-in,Published recurring pantry hours.
El Dorado,South & Delta,Helping Hands Food Pantry - St Paul United Methodist Church,"700 W 8th St, El Dorado, AR 71730","1st and 3rd Thursday, 1 PM-3 PM","RRULE:FREQ=MONTHLY;BYDAY=1TH,3TH",13:00,120,870-862-4242,https://spgmc.org/helpinghands,Union County residents; photo ID/driver license and proof of residence; no referral or voucher,walk-in,Org site explicitly says no referral/voucher; once monthly.
Fordyce,South & Delta,First Baptist Church - Fordyce,"501 N Main St, Fordyce, AR 71742","3rd Wednesday, 2 PM-4:30 PM",RRULE:FREQ=MONTHLY;BYDAY=3WE,14:00,150,870-352-7133,https://www.foodpantries.org/li/first_baptist_church_fordyce_71742,photo ID,walk-in,Directory schedule.
Fordyce,South & Delta,Fordyce First United Methodist Church Food Pantry,"104 E Fourth St, Fordyce, AR 71742","Monday-Friday, 8 AM-2:30 PM","RRULE:FREQ=WEEKLY;BYDAY=MO,TU,WE,TH,FR",08:00,390,870-352-3767,https://www.foodpantries.org/li/fordyce-first-united-methodist-church,driver license,walk-in,Open to community; Lighthouse building.
Fordyce,South & Delta,Mt Olive United Methodist Church,"301 E 7th St, Fordyce, AR 71742","Wednesday, 3:30 PM-5 PM",RRULE:FREQ=WEEKLY;BYDAY=WE,15:30,90,870-348-5402,https://feedam.org/food-pantry/ar/fordyce,none stated,walk-in,Feed America recurring Wednesday hours.
Gillett,South & Delta,Gillett United Methodist Church,,"2nd Saturday, 8:30 AM-11 AM",RRULE:FREQ=MONTHLY;BYDAY=2SA,08:30,150,870-548-2574,https://www.foodpantries.org/ci/ar-gillett,none stated,walk-in,Address not published.
Grady,South & Delta,Redeem Temple,,"Sunday, 10 AM-2 PM; Wednesday, 5 PM-8 PM","RRULE:FREQ=WEEKLY;BYDAY=SU,WE",10:00,240,870-479-3158,https://www.foodpantries.org/ci/ar-grady,Lincoln County residents,walk-in,"Two weekly windows; Wednesday start differs, verify when importing."
Hamburg,South & Delta,Hamburg Helping Hands Food Pantry and Clothes Closet,,"Tuesday and Friday, 10 AM-12 PM","RRULE:FREQ=WEEKLY;BYDAY=TU,FR",10:00,120,870-853-6049,https://www.foodpantries.org/ci/ar-hamburg,photo ID and proof of income,walk-in,Address not published.
Helena-West Helena,South & Delta,Antioch Community Service,"622 Ladino St, West Helena, AR 72390","1st Tuesday, 11 AM-12 PM",RRULE:FREQ=MONTHLY;BYDAY=1TU,11:00,60,870-995-1025,https://www.foodpantries.org/ci/ar-west_helena,photo ID; serves Helena and West Helena,walk-in,Directory schedule and city restriction.
Helena-West Helena,South & Delta,God's House A Safe Place To Come Home To Outreach Ministries,"309 Cresent Drive, West Helena, AR 72390","3rd Tuesday, 1 PM-3 PM",RRULE:FREQ=MONTHLY;BYDAY=3TU,13:00,120,870-572-0667,https://www.foodpantries.org/ci/ar-west_helena,photo ID,walk-in,Emergency phone also published.
Helena-West Helena,South & Delta,Greater First Baptist Outreach Ministry,"122 N Sam St, West Helena, AR 72390","Monday-Friday, 9 AM-3 PM","RRULE:FREQ=WEEKLY;BYDAY=MO,TU,WE,TH,FR",09:00,360,870-572-3278,https://www.foodpantries.org/ci/ar-west_helena,"photo ID, proof of income and proof of residency",walk-in,Directory schedule.
Helena-West Helena,South & Delta,Greater Powerhouse Church - COGIC,"531 Ladino St, West Helena, AR 72390","Tuesday and Thursday, 6 PM-8 PM","RRULE:FREQ=WEEKLY;BYDAY=TU,TH",18:00,120,870-572-9448,https://www.foodpantries.org/ci/ar-west_helena,photo ID,walk-in,Directory schedule.
Helena-West Helena,South & Delta,Mid-Delta Community Services,"610 S Bisco St, Helena, AR 72342","Monday-Friday, 8 AM-5 PM","RRULE:FREQ=WEEKLY;BYDAY=MO,TU,WE,TH,FR",08:00,540,870-338-6406,https://feedam.org/food-pantry/ar/helena,call to confirm current schedule,walk-in,"Directory reports weekday hours, not independently confirmed."
Helena-West Helena,South & Delta,Mount Zion Missionary Baptist Church Marvell,,"Wednesday, 3 PM-6 PM",RRULE:FREQ=WEEKLY;BYDAY=WE,15:00,180,870-829-2267,https://www.foodpantries.org/ci/ar-marvell,photo ID,walk-in,Address not published.
Helena-West Helena,South & Delta,New Zion Community Center - Benefit Bank of Arkansas,"229 Ladino St, West Helena, AR 72390","Monday-Friday, 8 AM-4 PM","RRULE:FREQ=WEEKLY;BYDAY=MO,TU,WE,TH,FR",08:00,480,870-572-3542,https://www.foodpantries.org/ci/ar-west_helena,"photo ID, proof of income; serves Marvell residents",walk-in,Record restriction: source says serves Marvell.
Lake Village,South & Delta,Community Christian Effort,"311 Jackson St, Lake Village, AR 71653","Monday and Thursday, 9 AM-11 AM","RRULE:FREQ=WEEKLY;BYDAY=MO,TH",09:00,120,870-265-5535,https://www.foodpantries.org/ci/ar-lake_village,photo ID,walk-in,Published directory schedule.
Marianna,South & Delta,Delta Dream Food Pantry,"103 W Mississippi St, Marianna, AR 72360","Monday-Thursday, 9 AM-11 AM","RRULE:FREQ=WEEKLY;BYDAY=MO,TU,WE,TH",09:00,120,870-821-5061,https://www.foodpantries.org/ci/ar-marianna,walk-ins accepted,walk-in,"Feed America explicitly says walk-ins; another directory reports only Thursday, verify."
McGehee,South & Delta,McGehee Community Pantry,"112 N First St, McGehee, AR 71654","Tuesday and Thursday, 1 PM-3 PM","RRULE:FREQ=WEEKLY;BYDAY=TU,TH",13:00,120,870-866-2881,https://www.searlibrary.org/local-information?page=5,none stated,walk-in,Library listing says Tuesdays and Thursdays.
McGehee,South & Delta,UAMS GAP Services food pantry,"1609 E Ash St, McGehee, AR 71654","Monday-Friday, 9 AM-5:30 PM","RRULE:FREQ=WEEKLY;BYDAY=MO,TU,WE,TH,FR",09:00,510,870-200-2737,https://news.uams.edu/2022/05/20/uams-opens-gap-services-office-in-mcgehee/,Southeast Arkansas residents; office accepts walk-ins,walk-in,Food pantry access is at GAP office; confirm pantry stock.
Monticello,South & Delta,Revival Center COGIC,"311 S Pine St, Monticello, AR 71655","Saturday, 8 AM-10 AM",RRULE:FREQ=WEEKLY;BYDAY=SA,08:00,120,870-367-8257,https://feedam.org/resource/1863,walk-ins accepted; no other requirements stated,walk-in,Feed America explicitly says walk-ins accepted; reconfirm stale hours.
Pine Bluff,South & Delta,Delta Network,"11 Portea Drive, Pine Bluff, AR 71601","Monday-Friday, 10 AM-4 PM","RRULE:FREQ=WEEKLY;BYDAY=MO,TU,WE,TH,FR",10:00,360,870-536-2424,https://www.foodpantries.org/ci/ar-pine_bluff,photo ID,walk-in,Conflicting street address appears in another directory; verify before travel.
Pine Bluff,South & Delta,East Side Baptist Church,"1605 Wisconsin St, Pine Bluff, AR 71601","3rd Saturday, 8 AM-12 PM",RRULE:FREQ=MONTHLY;BYDAY=3SA,08:00,240,870-536-0990,https://www.foodpantries.org/li/east_side_baptist_church_71601,photo ID,walk-in,Food Pantry directory schedule.
Pine Bluff,South & Delta,Harvest House,"200 W Harding St, Pine Bluff, AR 71601","Wednesday and Friday, 9 AM-5 PM","RRULE:FREQ=WEEKLY;BYDAY=WE,FR",09:00,480,,https://www.homelessshelterdirectory.org/foodbank/ar_harvest-house,photo ID,walk-in,Call ahead; hours from directory.
Pine Bluff,South & Delta,House of Bread Deliverance Church Pantry,"1501 W 2nd Ave, Pine Bluff, AR 71601","3rd Monday, 2 PM-5:30 PM",RRULE:FREQ=MONTHLY;BYDAY=3MO,14:00,210,870-850-6565,https://www.houseofbreaddeliverance.com/,none stated,walk-in,Church site confirms location/phone; directory gives recurring hours.
Pine Bluff,South & Delta,Neighbor to Neighbor of Jefferson County,"1419 S. Pine St, Pine Bluff, AR 71601","Monday-Friday, 12 PM-1 PM","RRULE:FREQ=WEEKLY;BYDAY=MO,TU,WE,TH,FR",12:00,60,870-534-2883,https://www.pbcommercial.com/food-pantries-providing-hot-meals/,none; everyone welcome for lunch,hot meal,No one turned away for lunch.
Pine Bluff,South & Delta,Neighbor to Neighbor of Jefferson County,"1419 S. Pine St, Pine Bluff, AR 71601","Monday-Friday, 9 AM-3 PM","RRULE:FREQ=WEEKLY;BYDAY=MO,TU,WE,TH,FR",09:00,360,870-534-2883,https://www.homelessshelterdirectory.org/foodbank/ar_neighbor-and-neighbor,photo ID; pantry requirements may vary,walk-in,Weekday food-pantry hours from directory; call to confirm current intake.
Pine Bluff,South & Delta,New Bethel #1 Outreach Ministry,"1320 N Magnolia St, Pine Bluff, AR 71601","Thursday, 3 PM-5:30 PM",RRULE:FREQ=WEEKLY;BYDAY=TH,15:00,150,870-536-4066,https://www.freefood.org/l/ar_71601_new-bethel-1-outreach-ministry,Jefferson County residents; photo ID,walk-in,Directory hour typo corrected to 3 PM-5:30 PM using matching listing.
Redfield,South & Delta,Redfield United Methodist Church - Care and Share,,"Wednesday, 1 PM-3 PM",RRULE:FREQ=WEEKLY;BYDAY=WE,13:00,120,501-397-5165,https://www.foodpantries.org/ci/ar-redfield,Jefferson County residents,walk-in,Address not published.
Rison,South & Delta,Mt Olivet United Methodist Food Pantry,"8950 Hwy 63 S, Rison, AR 71665","2nd Saturday, 7 AM-9 AM",RRULE:FREQ=MONTHLY;BYDAY=2SA,07:00,120,870-357-2078,https://www.foodpantries.org/ci/ar-rison,Cleveland County residents only,walk-in,Directory says no other requirements.
Thornton,South & Delta,Cayces Charities Food Pantry,"415 S 2nd St, Thornton, AR 71766","Monday and Wednesday, 1:30 PM-3:30 PM","RRULE:FREQ=WEEKLY;BYDAY=MO,WE",13:30,120,870-352-3104,https://www.foodpantries.org/li/cayces_charities_71766,Calhoun County residents,walk-in,Directory states Calhoun County.
Warren,South & Delta,First Baptist Church Warren,"310 S Main St, Warren, AR 71671","3rd Tuesday, 6 PM-7 PM",RRULE:FREQ=MONTHLY;BYDAY=3TU,18:00,60,870-226-5884,https://www.warrensd.org/local-food-banks,photo ID and electricity bill,walk-in,School district lists recurring distribution.
Warren,South & Delta,Mount Carmel Missionary Baptist Church,"510 N Walnut St, Warren, AR 71671","Tuesday and Thursday, 8 AM-11 AM","RRULE:FREQ=WEEKLY;BYDAY=TU,TH",08:00,180,870-226-6869,https://www.foodpantries.org/ci/ar-warren,none stated,walk-in,Directory schedule; verify.
White Hall,South & Delta,Centennial Fellowship,"1400 Centennial Lane, White Hall, AR 71602","3rd Wednesday, 9 AM-12 PM",RRULE:FREQ=MONTHLY;BYDAY=3WE,09:00,180,870-247-4540,https://www.foodpantries.org/ci/ar-white_hall,photo ID,walk-in,Food pantry directory schedule.
Ashdown,Southwest Arkansas,Ashdown First United Methodist Church,"145 East Commerce St, Ashdown, AR 71822","3rd Tuesday, 2 PM-4 PM",RRULE:FREQ=MONTHLY;BYDAY=3TU,14:00,120,870-898-5738,https://harvestregionalfoodbank.org/little-river,photo ID; income information; Little River County residents only,walk-in,USDA TEFAP food pantry.
Ashdown,Southwest Arkansas,Community Freewill Baptist Church,"791 S. Martin Luther King Dr, Ashdown, AR 71822","2nd Wednesday, 2 PM-3 PM",RRULE:FREQ=MONTHLY;BYDAY=2WE,14:00,60,903-280-8208,https://harvestregionalfoodbank.org/little-river,photo ID; income information; Little River County residents only,walk-in,USDA TEFAP pantry.
De Queen,Southwest Arkansas,Amerasian Hometown Missions International Food Pantry,"229 Hwy 71 North, Suite H, De Queen, AR 71832","2nd Saturday, 9 AM-10 AM (distribution begins at 9 AM)",RRULE:FREQ=MONTHLY;BYDAY=2SA,09:00,60,870-279-4154,https://www.foodpantries.org/li/ar_71832_amerasian-hometown-missions-int,photo ID; proof of income; Social Security card,walk-in,Directory gives a 9 AM start but no end time; duration estimated.
De Queen,Southwest Arkansas,De Queen Church of Christ USDA TEFAP Pantry,"1508 W Colin Raye Dr, De Queen, AR 71832","1st Wednesday, 8 AM-10 AM",RRULE:FREQ=MONTHLY;BYDAY=1WE,08:00,120,870-584-3226,https://harvestregionalfoodbank.org/sevier,photo ID; income information; Sevier County residents only,walk-in,
De Queen,Southwest Arkansas,De Queen Food Pantry,"315 N 5th St, De Queen, AR 71832","Every Tuesday, 2 PM-3 PM",RRULE:FREQ=WEEKLY;BYDAY=TU,14:00,60,870-784-2525,https://harvestregionalfoodbank.org/sevier,Sevier County residents only,walk-in,
De Queen,Southwest Arkansas,De Queen USDA TEFAP Pantry,"102 1st St, De Queen, AR 71832","Last Wednesday, 11 AM-1 PM",RRULE:FREQ=MONTHLY;BYDAY=-1WE,11:00,120,870-279-3522,https://harvestregionalfoodbank.org/sevier,photo ID; income information; Sevier County residents only,walk-in,
De Queen,Southwest Arkansas,His Way Fellowship,"321 W Gilson Ave, De Queen, AR 71832","Sunday, 9 AM-2 PM and Wednesday, 5 PM-9 PM","RRULE:FREQ=WEEKLY;BYDAY=SU,WE",09:00,300,870-642-8937,https://www.foodpantries.org/li/his_way_fellowship_71832,photo ID; proof of income,walk-in,Wednesday service starts at 5 PM; Sunday service starts at 9 AM.
Dierks,Southwest Arkansas,Dierks USDA TEFAP Food Pantry,"811 N. Missouri Ave, Dierks, AR 71833","3rd Friday and Saturday, 8 AM-11 AM","RRULE:FREQ=MONTHLY;BYDAY=3FR,3SA",08:00,180,870-557-1379,https://harvestregionalfoodbank.org/howard,photo ID; income information; Howard County residents only,walk-in,
Doddridge,Southwest Arkansas,Friendship First Baptist Church,"498 Hwy 160, Doddridge, AR 71834","3rd Saturday, 10 AM-12 PM",RRULE:FREQ=MONTHLY;BYDAY=3SA,10:00,120,870-557-3934,https://harvestregionalfoodbank.org/miller,Miller County residents only,walk-in,
Doddridge,Southwest Arkansas,New Hope Baptist Church,"620 MC 192, Doddridge, AR 71834","3rd Tuesday, 2 PM-5 PM",RRULE:FREQ=MONTHLY;BYDAY=3TU,14:00,180,870-691-2872,https://harvestregionalfoodbank.org/miller,photo ID; income information; Miller County residents only,walk-in,USDA CSFP and TEFAP pantry.
Emerson,Southwest Arkansas,Emerson Community Outreach,"107 Kelly St, Emerson, AR 71740","Every Thursday, 8 AM-10 AM",RRULE:FREQ=WEEKLY;BYDAY=TH,08:00,120,870-547-3360,https://harvestregionalfoodbank.org/columbia,photo ID; income information; Emerson and Taylor residents only,walk-in,USDA CSFP and TEFAP pantry.
Foreman,Southwest Arkansas,CAPP (Community Alternative) at St. Matthews Baptist Church,"205 W 6th Ave, Foreman, AR 71836","3rd Tuesday, 11 AM-3:30 PM",RRULE:FREQ=MONTHLY;BYDAY=3TU,11:00,270,870-542-7454,https://harvestregionalfoodbank.org/little-river,photo ID; income information; Little River County residents only,walk-in,USDA CSFP and TEFAP pantry.
Fouke,Southwest Arkansas,Fouke Food Pantry,"201 S. Lewis, Fouke, AR 71837","2nd Monday, 12 PM-3 PM",RRULE:FREQ=MONTHLY;BYDAY=2MO,12:00,180,903-278-3746,https://harvestregionalfoodbank.org/miller,"Miller County rural-area residents only (Genoa, Doddridge, etc.)",walk-in,Behind First Baptist Church.
Glenwood,Southwest Arkansas,Glenwood Hispanic Nazarene Church,,"Monday and Wednesday, 9 AM-2 PM","RRULE:FREQ=WEEKLY;BYDAY=MO,WE",09:00,300,870-828-8951,https://www.foodpantries.org/co/ar-pike,none stated,walk-in,Address not published in the source directory; call to confirm location and hours.
Glenwood,Southwest Arkansas,Glenwood Nazarene Church Food Pantry,"776 Hwy 70 E, Glenwood, AR 71943","Monday and Wednesday, 9 AM-2 PM","RRULE:FREQ=WEEKLY;BYDAY=MO,WE",09:00,300,870-356-2717,https://www.foodpantries.org/li/glenwood_nazarene_church_food_pantry_71943,none stated,walk-in,Directory listing; call to confirm current hours.
Glenwood,Southwest Arkansas,Manna From Heaven Food Pantry,"404 E Broadway, Glenwood, AR 71943","2nd and 4th Monday and Tuesday, 8 AM-12 PM","RRULE:FREQ=MONTHLY;BYDAY=2MO,4MO,2TU,4TU",08:00,240,870-356-2791,https://www.foodpantries.org/li/manna-from-heaven-food-pantry,"Glenwood, Kirby, or Daisy residents only; proof of address",walk-in,Outreach mission of the United Methodist churches of Daisy and Glenwood.
Hope,Southwest Arkansas,Bread of Life Ministry,"814 N. Hervey St, Hope, AR 71801","Last Saturday, 8 AM-9:30 AM",RRULE:FREQ=MONTHLY;BYDAY=-1SA,08:00,90,870-777-2570,https://harvestregionalfoodbank.org/hempstead-county,photo ID,walk-in,
Hope,Southwest Arkansas,Hope Evening Lions Food Pantry,"3301 E 3rd St, Hope, AR 71801","2nd Saturday, 9 AM-10:30 AM",RRULE:FREQ=MONTHLY;BYDAY=2SA,09:00,90,870-777-3640,https://harvestregionalfoodbank.org/hempstead-county,none stated,walk-in,
Hope,Southwest Arkansas,Hope In Action â€“ The Benefit Bank of Arkansas,"606 W 3rd St, Hope, AR 71801","Monday-Thursday, 9 AM-4 PM","RRULE:FREQ=WEEKLY;BYDAY=MO,TU,WE,TH",09:00,420,870-777-8227,https://harvestregionalfoodbank.org/hempstead-county,photo ID; proof of income; Social Security card,walk-in,
Hope,Southwest Arkansas,Life House Hope,"600 Oak St, Hope, AR 71801","Tuesday, 9 AM-10:30 AM (closed last Tuesday of month)",RRULE:FREQ=WEEKLY;BYDAY=TU,09:00,90,870-397-1896,https://harvestregionalfoodbank.org/hempstead-county,photo ID,walk-in,Closed the last Tuesday of each month.
Hope,Southwest Arkansas,Straight & Narrow Path Ministry,"513 S. Elm St, Hope, AR 71801","2nd and 4th Tuesday, 12 PM-2 PM","RRULE:FREQ=MONTHLY;BYDAY=2TU,4TU",12:00,120,870-331-1244,https://www.hopeconnexion.org/uploads/1/1/4/5/114577139/hccotn_-_hcoc_resouce_guide__update_6-13-25_.pdf,photo ID,walk-in,Listed in the Hempstead County community resource guide.
Horatio,Southwest Arkansas,Horatio Community Food Bank â€“ First Baptist Church,"Main Street, Horatio, AR 71842","Friday, 2 PM-5 PM",RRULE:FREQ=WEEKLY;BYDAY=FR,14:00,180,870-832-2281,https://www.foodpantries.org/li/horatio_community_food_bank_first_baptist_church_71842,photo ID; proof of income; Social Security card,walk-in,Directory listing; call to confirm current hours.
Horatio,Southwest Arkansas,Horatio Drive-Through Food Pantry,"303 Pennock, Horatio, AR 71842","1st Monday, 9 AM-11 AM",RRULE:FREQ=MONTHLY;BYDAY=1MO,09:00,120,870-279-3016,https://harvestregionalfoodbank.org/sevier,none stated,drive-thru,"If a holiday falls on the first Monday, moved to the second Monday."
Magnolia,Southwest Arkansas,Abilities Unlimited,"2000 S Washington St, Magnolia, AR 71753","Every Monday, 9 AM-11 AM",RRULE:FREQ=WEEKLY;BYDAY=MO,09:00,120,870-234-2558,https://harvestregionalfoodbank.org/columbia,none stated,hot meal,Soup kitchen.
Magnolia,Southwest Arkansas,Asbury Methodist Church â€“ Body & Soul Cupboard,"1300 E University St, Magnolia, AR 71753","3rd Thursday, 1 PM-3 PM",RRULE:FREQ=MONTHLY;BYDAY=3TH,13:00,120,,https://harvestregionalfoodbank.org/columbia,photo ID; income information; Columbia County residents only,walk-in,USDA CSFP and TEFAP pantry.
Magnolia,Southwest Arkansas,The Stewpot at First United Methodist Church,"320 W Main St, Magnolia, AR 71753","Monday, Tuesday and Thursday, 4 PM-5:30 PM","RRULE:FREQ=WEEKLY;BYDAY=MO,TU,TH",16:00,90,870-234-4530,https://harvestregionalfoodbank.org/columbia,none stated,hot meal,Soup kitchen.
Mineral Springs,Southwest Arkansas,Mineral Springs Soup Kitchen,"318 Bridgeman Dr, Mineral Springs, AR 71851","2nd and 4th Wednesday, 5 PM-6 PM","RRULE:FREQ=MONTHLY;BYDAY=2WE,4WE",17:00,60,,https://harvestregionalfoodbank.org/howard,none stated,hot meal,
Nashville,Southwest Arkansas,Nashville Food Pantry,"301 W. Dodson, Nashville, AR 71852","3rd Tuesday, 5 PM-6 PM",RRULE:FREQ=MONTHLY;BYDAY=3TU,17:00,60,870-845-8809,https://harvestregionalfoodbank.org/howard,Howard County residents only,walk-in,
Prescott,Southwest Arkansas,FoodShare Arkansas,"209A E Main St, Prescott, AR 71857","Tuesday and Wednesday, 9:30 AM-2 PM (closed 12-12:30 for lunch)","RRULE:FREQ=WEEKLY;BYDAY=TU,WE",09:30,270,870-887-3663,https://harvestregionalfoodbank.org/nevada,photo ID; income information; current utility bill or lease; Nevada County residents only,walk-in,USDA Senior Food Box and TEFAP food pantry.
Texarkana,Southwest Arkansas,Christ Church of Texarkana,"5204 South Rondo Rd, Texarkana, AR 71854","2nd Monday, 8 AM-11 AM",RRULE:FREQ=MONTHLY;BYDAY=2MO,08:00,180,870-774-4091,https://harvestregionalfoodbank.org/miller,photo ID; income information; Miller County residents only,walk-in,Senior Food Box Program and USDA food pantry.
Texarkana,Southwest Arkansas,Life House Church,"915 East St, Texarkana, AR 71854","3rd Thursday, 6 PM-8 PM",RRULE:FREQ=MONTHLY;BYDAY=3TH,18:00,120,870-216-1936,https://harvestregionalfoodbank.org/miller,photo ID; income information; Miller County residents only,walk-in,USDA CSFP and TEFAP food pantry.
Texarkana,Southwest Arkansas,Tower-Power Gospel Ministries,"1500 Kline St, Texarkana, AR 71854","2nd Friday, 9 AM-10 AM",RRULE:FREQ=MONTHLY;BYDAY=2FR,09:00,60,870-216-7337,https://harvestregionalfoodbank.org/miller,Miller County residents only,walk-in,Food is given out at the outside pavilion.
Umpire,Southwest Arkansas,Umpire Food Pantry,"164 School St, Umpire, AR 71971","2nd Thursday, 10 AM-12 PM",RRULE:FREQ=MONTHLY;BYDAY=2TH,10:00,120,870-583-6060,https://harvestregionalfoodbank.org/howard,photo ID; Howard County residents only,walk-in,
