city,region,org_name,address,schedule_text,rrule,start_time,duration_min,phone,url,requirements,distribution_type,notes
Austin,Austin Metro,Cristo Rey Catholic Church- Social Ministry Food Pantry,"2208 East 2nd Street, Austin, TX 78702","Every Thursday, 12:15pm-2:15pm",RRULE:FREQ=WEEKLY;BYDAY=TH,12:15,120,512-477-1099,https://www.centraltexasfoodbank.org/location/cristo-rey-catholic-church-social-ministry-food-pantry,None,walk-in,
Austin,Austin Metro,Gethsemane Lutheran Church,"200 West Anderson Ln., Austin, TX 78752","Every Tuesday, 9:00am-12:00pm",RRULE:FREQ=WEEKLY;BYDAY=TU,9:00,180,512-836-8560,https://www.centraltexasfoodbank.org/location/gethsemane-lutheran-church,None,walk-in,
Austin,Austin Metro,Hope Food Pantry,"4001 Speedway, Austin, TX 78751","Every Thursday and Friday, 9:00am-10:30am","RRULE:FREQ=WEEKLY;BYDAY=TH,FR",9:00,90,512-592-3171,https://www.centraltexasfoodbank.org/location/hope-food-pantry,None,walk-in,Also open 1st Saturday; verify holiday changes.
Austin,Austin Metro,Hope Food Pantry,"4001 Speedway, Austin, TX 78751","1st Saturday, 9:00am-10:30am",RRULE:FREQ=MONTHLY;BYDAY=1SA,9:00,90,512-592-3171,https://www.centraltexasfoodbank.org/location/hope-food-pantry,None,walk-in,First-come; verify holiday changes.
Austin,Austin Metro,ICNA-NAMCC Second Food Pantry,"8204 N. Lamar Blvd, Suite B14, Austin, TX 78753","1st, 2nd and 3rd Saturday, 10:30am-12:30pm","RRULE:FREQ=MONTHLY;BYDAY=1SA,2SA,3SA",10:30,120,512-300-9709,https://www.centraltexasfoodbank.org/location/icna-namcc-second-food-pantry,None,walk-in,
Austin,Austin Metro,ICNA-NAMCC Second Food Pantry,"8204 N. Lamar Blvd, Suite B14, Austin, TX 78753","4th Sunday, 10:00am-12:30pm",RRULE:FREQ=MONTHLY;BYDAY=4SU,10:00,150,512-300-9709,https://www.centraltexasfoodbank.org/location/icna-namcc-second-food-pantry,None,walk-in,
Austin,Austin Metro,Nelson Field - Mobile Food Pantry,"7105 Berkman Dr, Austin, TX 78752","3rd Thursday, 9:00am-10:30am",RRULE:FREQ=MONTHLY;BYDAY=3TH,9:00,90,,https://www.centraltexasfoodbank.org/location/nelson-field-mobile-food-pantry,"Name, household size and ZIP code; vehicle required",drive-thru,"First-come, first-served; while supplies last."
Austin,Austin Metro,VA Clinic - S Austin - Mobile Food Pantry,"7901 Metropolis Dr, Austin, TX 78744","3rd Friday, 9:30am-10:30am",RRULE:FREQ=MONTHLY;BYDAY=3FR,9:30,60,,https://www.centraltexasfoodbank.org/location/va-clinic-s-austin-mobile-food-pantry,Veteran households only; vehicle required,drive-thru,"First-come, first-served."
Buda,Austin Metro,Santa Cruz Catholic Church,"1100 Main St, Buda, TX 78610","Every other Saturday, 8:00am-9:00am",RRULE:FREQ=WEEKLY;INTERVAL=2;BYDAY=SA,8:00,60,512-415-4012,https://www.centraltexasfoodbank.org/location/santa-cruz-catholic-church,None,walk-in,
Creedmoor,Austin Metro,Creedmoor - Mobile Food Pantry,"12511 FM 1625, Creedmoor, TX 78610","3rd Tuesday, 9:00am-10:00am",RRULE:FREQ=MONTHLY;BYDAY=3TU,9:00,60,,https://www.centraltexasfoodbank.org/location/creedmoor-mobile-food-pantry,"Name, household size and ZIP code",mobile pantry,"Market-style, first-come, first-served."
Georgetown,Austin Metro,The Caring Place,"2000 Railroad St, Georgetown, TX 78627","1st, 3rd and 5th Monday, 9:00am-10:00am","RRULE:FREQ=MONTHLY;BYDAY=1MO,3MO,5MO",9:00,60,512-943-0700,https://www.centraltexasfoodbank.org/location/caring-place,Photo ID; eligible ZIP codes/Georgetown ISD,walk-in,Fresh produce only; north gate.
Hutto,Austin Metro,Hutto Resource Center,"204 Live Oak Street, Hutto, TX 78634","1st, 3rd and 5th Saturday, 9:00am-12:00pm","RRULE:FREQ=MONTHLY;BYDAY=1SA,3SA,5SA",9:00,180,512-688-0162,https://www.centraltexasfoodbank.org/location/hutto-resource-center,None,walk-in,
Jarrell,Austin Metro,Jarrell Community Food Pantry,"404 1st Street, Jarrell, TX 76537","2nd and 4th Sunday, 12:00pm-2:00pm","RRULE:FREQ=MONTHLY;BYDAY=2SU,4SU",12:00,120,512-635-6125,https://www.centraltexasfoodbank.org/location/jarrell-community-food-pantry,None,walk-in,
Round Rock,Austin Metro,Church of the Harvest,"2701 Gattis School Rd, Round Rock, TX 78664","Every Saturday, 9:00am-12:00pm",RRULE:FREQ=WEEKLY;BYDAY=SA,9:00,180,,https://www.centraltexasfoodbank.org/location/church-harvest,None,walk-in,
Bryan,Brazos Valley,A Hopeful Harvest,"3608 E. 29th St. Suite 109, Bryan, TX 77802","1st, 2nd, 3rd and 4th Saturday, 3:00pm-5:00pm","RRULE:FREQ=MONTHLY;BYDAY=1SA,2SA,3SA,4SA",15:00,120,828-467-2179,https://www.bvfb.org/find-food,Brazos County residents; monthly visit limit,walk-in,Closes when food runs out.
Bryan,Brazos Valley,Brazos Church Pantry,"304 W. 26th Street, Bryan, TX 77803","Monday and Wednesday, 1:00pm-2:30pm","RRULE:FREQ=WEEKLY;BYDAY=MO,WE",13:00,90,979-822-2660,https://www.bvfb.org/find-food,ID requested but not required; serves Brazos Valley,drive-thru,Monthly visit limit; closes when food runs out.
Bryan,Brazos Valley,Brazos Church Pantry,"304 W. 26th Street, Bryan, TX 77803","Tuesday, Thursday and Friday, 9:30am-11:00am","RRULE:FREQ=WEEKLY;BYDAY=TU,TH,FR",9:30,90,979-822-2660,https://www.bvfb.org/find-food,ID requested but not required; serves Brazos Valley,drive-thru,Monthly visit limit; closes when food runs out.
Bryan,Brazos Valley,Brazos Church Pantry,"304 W. 26th Street, Bryan, TX 77803","Every Saturday, 10:00am-11:30am",RRULE:FREQ=WEEKLY;BYDAY=SA,10:00,90,979-822-2660,https://www.bvfb.org/find-food,ID requested but not required; serves Brazos Valley,drive-thru,Monthly visit limit; closes when food runs out.
Bryan,Brazos Valley,Lee Chapel United Methodist Church,"903 N. Washington Ave., Bryan, TX 77803","Last Saturday, 10:00am-12:00pm",RRULE:FREQ=MONTHLY;BYDAY=-1SA,10:00,120,979-703-8816,https://www.bvfb.org/find-food,None stated; serves Brazos Valley,drive-thru,Monthly visit limit.
Bryan,Brazos Valley,New Zion Food Pantry,"1505 Dansby St., Bryan, TX 77803","3rd Tuesday, 5:00pm-6:00pm",RRULE:FREQ=MONTHLY;BYDAY=3TU,17:00,60,979-823-7766,https://www.bvfb.org/find-food,Brazos County residents; monthly visit limit,drive-thru,
Bryan,Brazos Valley,North Bryan New Birth Fresh Food Drop,"4615 Blue Jay Lane, Bryan, TX 77803","2nd and 4th Wednesday, 3:00pm-4:00pm","RRULE:FREQ=MONTHLY;BYDAY=2WE,4WE",15:00,60,979-492-5633,https://www.bvfb.org/find-food,None stated; serves all counties,drive-thru,
Bryan,Brazos Valley,Project Downtown Fresh Food Drop,"2702 Evergreen Cir., Bryan, TX 77802","4th Saturday, 10:00am-10:30am",RRULE:FREQ=MONTHLY;BYDAY=4SA,10:00,30,979-450-1714,https://www.bvfb.org/find-food,Brazos County residents,drive-thru,Parking lot of duplex.
Bryan,Brazos Valley,The Salvation Army,"2506 Cavitt St., Bryan, TX 77802","Wednesday and Thursday, 9:00am-11:00am","RRULE:FREQ=WEEKLY;BYDAY=WE,TH",9:00,120,979-361-0618,https://www.bvfb.org/find-food,None stated; serves Brazos Valley,walk-in,Weekly visit limit; closes when food runs out.
Buffalo,Brazos Valley,Lord’s Pantry of Leon,"504 Hwy 75 North, Buffalo, TX 75831",Wednesday and Thursday 9:00am-12:00pm,"RRULE:FREQ=WEEKLY;BYDAY=WE,TH",9:00,180,903-322-7005,https://resources.finalsite.net/images/v1737992443/csisdorg/hutxhuphz7ob0gvk4dqz/Pantrylist2024.pdf,Leon County,walk-in,Brazos Valley resource list; verify current schedule.
Coldspring,Brazos Valley,Care/Share Mission,"21 Butler St, Coldspring, TX 77331",Monday and Thursday 10:00am-2:00pm,"RRULE:FREQ=WEEKLY;BYDAY=MO,TH",10:00,240,936-653-2001,https://ampleharvest.org/food-pantries/careshare-mission-9013/,San Jacinto County; verify,walk-in,Directory listing dated 2023; human verification needed.
College Station,Brazos Valley,Christ Church,"4201 State Highway 6 South, College Station, TX 77845","1st and 3rd Thursday, 9:30am-10:30am","RRULE:FREQ=MONTHLY;BYDAY=1TH,3TH",9:30,60,979-690-4673,https://www.bvfb.org/find-food,Brazos County residents,drive-thru,
College Station,Brazos Valley,First Baptist Church of College Station,"2300 Welsh Ave., College Station, TX 77845","Every Tuesday, 7:00am-12:00pm",RRULE:FREQ=WEEKLY;BYDAY=TU,7:00,300,979-696-7000,https://www.bvfb.org/find-food,On-site registration; serves all counties,drive-thru,Registration listed 8:00-10:00am; no online signup.
College Station,Brazos Valley,First United Methodist Church,"1125 Wellborn Rd., College Station, TX 77845","1st Saturday, 11:30am-1:30pm",RRULE:FREQ=MONTHLY;BYDAY=1SA,11:30,120,713-562-1224,https://www.bvfb.org/find-food,Brazos County residents; monthly visit limit,drive-thru,
College Station,Brazos Valley,Lincoln House of Hope,"1013 Eleanor Dr., College Station, TX 77845","2nd Friday, 8:00am-10:00am",RRULE:FREQ=MONTHLY;BYDAY=2FR,8:00,120,979-693-0400,https://www.bvfb.org/find-food,None stated; serves Brazos County,drive-thru,Monthly visit limit; closes when food runs out.
College Station,Brazos Valley,Parkway Baptist,"1501 Southwest Parkway, College Station, TX 77840","3rd Saturday, 10:00am-12:00pm",RRULE:FREQ=MONTHLY;BYDAY=3SA,10:00,120,979-693-4701,https://www.bvfb.org/find-food,Brazos County residents; monthly visit limit,walk-in,Emergency appointments are separate; scheduled pantry is walk-in.
Crockett,Brazos Valley,Houston County Share,"207 S 8th St, Crockett, TX 75835","Monday, Wednesday and Friday 9:00am-11:30am","RRULE:FREQ=WEEKLY;BYDAY=MO,WE,FR",9:00,150,936-544-5600,https://networks.whyhunger.org/organisation/31595,Houston County; verify,walk-in,Secondary directory listing; human verification needed.
Groveton,Brazos Valley,Ladies in Action,"307 N. Main St, Groveton, TX 75845",3rd Thursday 10:00am-4:00pm,RRULE:FREQ=MONTHLY;BYDAY=3TH,10:00,360,936-642-3139,https://www.networkofcare.org/texas/services/agency?pid=LadiesinActionFoodPantries_21_1756_1,Trinity County residents,walk-in,Secondary directory listing; application mentioned; human verification needed.
Huntsville,Brazos Valley,Good Shepherd Mission Food Bank,"1005 Martin Luther King Dr, Huntsville, TX 77320",Monday-Friday 9:00am-11:45am,"RRULE:FREQ=WEEKLY;BYDAY=MO,TU,WE,TH,FR",9:00,165,936-291-8156,https://www.goodshepherdmission.org/food.html,Walker County address; photo ID and residency documentation requested,walk-in,Application at site; no appointment stated.
Huntsville,Brazos Valley,Good Shepherd Mission Hot Meals,"1005 Martin Luther King Dr, Huntsville, TX 77320",Monday-Saturday lunch 12:00pm-1:00pm,"RRULE:FREQ=WEEKLY;BYDAY=MO,TU,WE,TH,FR,SA",12:00,60,936-291-8156,https://www.goodshepherdmission.org/food.html,Open to public; cleanup expected if able,hot meal,Free meals; verify holiday schedule.
Huntsville,Brazos Valley,Good Shepherd Mission Hot Meals,"1005 Martin Luther King Dr, Huntsville, TX 77320",Monday-Saturday dinner 6:00pm-7:00pm,"RRULE:FREQ=WEEKLY;BYDAY=MO,TU,WE,TH,FR,SA",18:00,60,936-291-8156,https://www.goodshepherdmission.org/food.html,Open to public; cleanup expected if able,hot meal,Free meals; verify holiday schedule.
Huntsville,Brazos Valley,Good Shepherd Mission Hot Meals,"1005 Martin Luther King Dr, Huntsville, TX 77320",Sunday lunch 1:00pm-2:00pm,RRULE:FREQ=WEEKLY;BYDAY=SU,13:00,60,936-291-8156,https://www.goodshepherdmission.org/food.html,Open to public; cleanup expected if able,hot meal,Free meals; verify holiday schedule.
Huntsville,Brazos Valley,Good Shepherd Mission Hot Meals,"1005 Martin Luther King Dr, Huntsville, TX 77320",Sunday dinner 6:00pm-7:00pm,RRULE:FREQ=WEEKLY;BYDAY=SU,18:00,60,936-291-8156,https://www.goodshepherdmission.org/food.html,Open to public; cleanup expected if able,hot meal,Free meals; verify holiday schedule.
Huntsville,Brazos Valley,Houston Food Bank Mobile Truck,"Intersection of Avenue R and 18th St, Huntsville, TX 77340",Most Saturdays 8:00am-10:00am,RRULE:FREQ=WEEKLY;BYDAY=SA,8:00,120,936-291-8156,https://www.goodshepherdmission.org/food.html,Link2Feed number; can apply on site,mobile pantry,Schedule is approximate; verify weekly location.
Huntsville,Brazos Valley,Riverside Baptist Crisis Closet,"2359 FM 980 E, Huntsville, TX 77320",Friday 10:00am-12:00pm,RRULE:FREQ=WEEKLY;BYDAY=FR,10:00,120,936-594-6992,https://www.rbctx.org/crisis-closet.html,Walker County residents; program eligibility guidelines,walk-in,Call ahead; hours may change.
Madisonville,Brazos Valley,Son-Shine Outreach Center,"1680 Hwy 75, Madisonville, TX 77864",Tuesday-Thursday 11:00am-12:30pm,"RRULE:FREQ=WEEKLY;BYDAY=TU,WE,TH",11:00,90,936-348-5282,https://resources.finalsite.net/images/v1737992443/csisdorg/hutxhuphz7ob0gvk4dqz/Pantrylist2024.pdf,Madison County; photo ID requested but not required,walk-in,Brazos Valley resource list; verify current schedule.
Madisonville,Brazos Valley,Son-Shine Outreach Center,"1680 Hwy 75, Madisonville, TX 77864",Tuesday-Thursday 1:00pm-4:00pm,"RRULE:FREQ=WEEKLY;BYDAY=TU,WE,TH",13:00,180,936-348-5282,https://resources.finalsite.net/images/v1737992443/csisdorg/hutxhuphz7ob0gvk4dqz/Pantrylist2024.pdf,Madison County; photo ID requested but not required,walk-in,Brazos Valley resource list; verify current schedule.
Navasota,Brazos Valley,Anderson Food Pantry,"367 Fanthorp St, Anderson, TX 77830",1st Thursday 9:00am-11:00am,RRULE:FREQ=WEEKLY;BYDAY=1TH,9:00,180,936-836-5005,https://resources.finalsite.net/images/v1737992443/csisdorg/hutxhuphz7ob0gvk4dqz/Pantrylist2024.pdf,Grimes County; proof of address requested but not required,walk-in,Brazos Valley resource list; verify current schedule.
Navasota,Brazos Valley,Iola Food Pantry,"814 N. LaSalle St, Navasota, TX 77868",3rd Saturday 8:00am-12:00pm,RRULE:FREQ=WEEKLY;BYDAY=3SA,8:00,300,936-825-7454,https://resources.finalsite.net/images/v1737992443/csisdorg/hutxhuphz7ob0gvk4dqz/Pantrylist2024.pdf,Grimes County; photo ID requested but not required,walk-in,Brazos Valley resource list; verify current schedule.
Trinity,Brazos Valley,Burning Hope Baptist Church,"204 E Pegoda Rd, Trinity, TX 75862",Tuesday and Friday 6:00pm-7:00pm,"RRULE:FREQ=WEEKLY;BYDAY=TU,FR",18:00,60,936-594-3623,https://homelessresources.networkofcare.org/texas/services/agency?pid=BurningHopeBaptistChurchSoupKitchens_21_1756_1,Open to public,hot meal,Secondary directory; verify current schedule.
Trinity,Brazos Valley,Trinity Loaves & Fishes Food Pantry,"407 N Robb St, Trinity, TX 75862",1st and 3rd full week Monday-Wednesday 9:30am-12:45pm,"RRULE:FREQ=MONTHLY;BYDAY=1MO,1TU,1WE,3MO,3TU,3WE",9:30,195,936-594-0977,https://homelessresources.networkofcare.org/Trilogy/services/agency?pid=TrinityLoavesFishesFoodPantryFoodPantries_21_1757_0,TEFAP income eligibility; Trinity and surrounding areas,drive-thru,Secondary directory; schedule and eligibility need human verification.
Bartlett,Central Texas,"Bartlett, TX - Mobile Food Pantry","210 W Bell St, Bartlett, TX 76511","2nd Thursday, 9:30am-10:30am",RRULE:FREQ=MONTHLY;BYDAY=2TH,9:30,60,,https://www.centraltexasfoodbank.org/location/bartlett-tx-mobile-food-pantry,"Name, household size and ZIP code",mobile pantry,"Market-style, first-come, first-served."
Belton,Central Texas,Christ the King Catholic Church SVDP Food Pantry,"210 E 24th Ave, Belton, TX 76513","1st Wednesday, 3:00pm-5:00pm",RRULE:FREQ=MONTHLY;BYDAY=1WE,15:00,120,254-939-0806,https://www.centraltexasfoodbank.org/location/christ-king-catholic-church-svdp-food-pantry,None,walk-in,
Belton,Central Texas,Christ the King Catholic Church SVDP Food Pantry,"210 E 24th Ave, Belton, TX 76513","Last Saturday, 9:00am-11:00am",RRULE:FREQ=MONTHLY;BYDAY=-1SA,9:00,120,254-939-0806,https://www.centraltexasfoodbank.org/location/christ-king-catholic-church-svdp-food-pantry,None,walk-in,
Cameron,Central Texas,"Cameron, TX - Mobile Food Pantry","301 Adams Ave, Cameron, TX 76520","3rd Wednesday, 9:00am-10:30am",RRULE:FREQ=MONTHLY;BYDAY=3WE,9:00,90,,https://www.centraltexasfoodbank.org/location/cameron-tx-mobile-food-pantry,"Name, household size and ZIP code",mobile pantry,"Market-style, first-come, first-served."
Temple,Central Texas,Feed My Sheep,"613 S. 3rd St., Temple, TX 76504","Monday-Friday lunch, 11:30am-12:30pm","RRULE:FREQ=WEEKLY;BYDAY=MO,TU,WE,TH,FR",11:30,60,,https://www.centraltexasfoodbank.org/location/feed-my-sheep,None,hot meal,Line-up begins 11:00am.
Temple,Central Texas,Feed My Sheep,"613 S. 3rd St., Temple, TX 76504","Sunday lunch, 12:30pm-1:30pm",RRULE:FREQ=WEEKLY;BYDAY=SU,12:30,60,,https://www.centraltexasfoodbank.org/location/feed-my-sheep,None,hot meal,Line-up begins noon.
Temple,Central Texas,Feed My Sheep,"613 S. 3rd St., Temple, TX 76504","Saturday breakfast, 8:00am-9:00am",RRULE:FREQ=WEEKLY;BYDAY=SA,8:00,60,,https://www.centraltexasfoodbank.org/location/feed-my-sheep,None,hot meal,Line-up begins 7:30am.
Temple,Central Texas,Feed My Sheep,"613 S. 3rd St., Temple, TX 76504","Tuesday dinner, 5:30pm-6:00pm",RRULE:FREQ=WEEKLY;BYDAY=TU,17:30,30,,https://www.centraltexasfoodbank.org/location/feed-my-sheep,None,hot meal,Line-up begins 5:00pm.
Waco,Central Texas,Shepherd’s Heart –Living Word,"1005 Dunbar, Waco, TX 76704","2nd and 4th Thursday, 2:00pm-4:00pm","RRULE:FREQ=MONTHLY;BYDAY=2TH,4TH",14:00,120,254-799-3796,https://www.centraltexasfoodbank.org/location/shepherds-heart-living-word,None,walk-in,
Alice,Coastal Bend,Alice Volunteer Services Alice Food Pantry,"311 E. Main St, Alice, TX 78332","Every Wednesday, 8:00am-10:00am",RRULE:FREQ=WEEKLY;BYDAY=WE,8:00,120,361-664-1015,https://www.alicevolunteerservices.org/foodpantry,Jim Wells County residents; assistance monthly,walk-in,Official organization schedule.
Beeville,Coastal Bend,First Baptist Church Food Pantry,"600 N. St. Marys St, Beeville, TX 78102","4th Saturday, 8:30am-11:00am",RRULE:FREQ=MONTHLY;BYDAY=4SA,8:30,150,361-358-4161,https://www.foodpantries.org/li/tx_78102_first-baptist,None stated,walk-in,Directory listing; call to confirm current hours.
Corpus Christi,Coastal Bend,First Baptist Church of Corpus Christi Food Pantry,"3115 Ocean Dr, Corpus Christi, TX 78404","Every Monday, 1:00pm-3:00pm",RRULE:FREQ=WEEKLY;BYDAY=MO,13:00,120,361-888-8228,https://www.findhelp.org/first-baptist-church-of-corpus-christi--corpus-christi-tx--food-pantry/6231329520353280?postal=78401,Nueces County residents; once every 30 days,walk-in,Listing says serves anyone in need; verify schedule before travel.
Corpus Christi,Coastal Bend,First Baptist Church of Corpus Christi Food Pantry,"3115 Ocean Dr, Corpus Christi, TX 78404","Every Friday, 9:00am-11:00am",RRULE:FREQ=WEEKLY;BYDAY=FR,9:00,120,361-888-8228,https://www.findhelp.org/first-baptist-church-of-corpus-christi--corpus-christi-tx--food-pantry/6231329520353280?postal=78401,Nueces County residents; once every 30 days,walk-in,Listing says serves anyone in need; verify schedule before travel.
Rockport,Coastal Bend,"Rockport-Fulton Good Samaritans, Inc.","507 S. Ann St, Rockport, TX 78382","Monday, Wednesday & Friday, 10:00am-2:00pm","RRULE:FREQ=WEEKLY;BYDAY=MO,WE,FR",10:00,240,361-790-9828,https://rfgoodsam.com/,Photo ID and Social Security cards for household members; Aransas County residents,walk-in,Service center hours; pantry assistance requires an intake interview.
Addison,Dallas Metro,Jewish Family Service of Dallas,"16301 Quorum Dr, Addison, TX 75001","Tuesday, 9:00am-1:00pm",RRULE:FREQ=WEEKLY;BYDAY=TU,9:00,240,972-437-9950,https://jfsdallas.org/food/,Walk-ins welcome; photo ID and intake; Addison/eligible service area,walk-in,Appointments get priority; emergency bridge box if full.
Addison,Dallas Metro,Jewish Family Service of Dallas,"16301 Quorum Dr, Addison, TX 75001","Thursday, 9:00am-1:00pm",RRULE:FREQ=WEEKLY;BYDAY=TH,9:00,240,972-437-9950,https://jfsdallas.org/food/,Walk-ins welcome; photo ID and intake; Addison/eligible service area,walk-in,Appointments get priority; emergency bridge box if full.
Addison,Dallas Metro,Jewish Family Service of Dallas,"16301 Quorum Dr, Addison, TX 75001","Friday, 9:00am-1:00pm",RRULE:FREQ=WEEKLY;BYDAY=FR,9:00,240,972-437-9950,https://jfsdallas.org/food/,Walk-ins welcome; photo ID and intake; Addison/eligible service area,walk-in,Appointments get priority; emergency bridge box if full.
Addison,Dallas Metro,Jewish Family Service of Dallas,"16301 Quorum Dr, Addison, TX 75001","1st & 3rd Monday, 10:00am-1:00pm","RRULE:FREQ=MONTHLY;BYDAY=1MO,3MO",10:00,180,972-437-9950,https://jfsdallas.org/food/,Walk-ins welcome; photo ID and intake; Addison/eligible service area,walk-in,Appointments get priority; emergency bridge box if full.
Allen,Dallas Metro,Allen Ministerial Alliance Food Pantry,"1515 N Greenville Ave, Allen, TX 75002","Tuesday, Friday & Saturday, 9:00am-12:00pm","RRULE:FREQ=WEEKLY;BYDAY=TU,FR,SA",9:00,180,214-644-2090,https://allenfoodpantry.org/,"Allen, Fairview or Lucas residents; emergency bag while application is processed; show up during hours",walk-in,Closed Wednesday and Sunday.
Balch Springs,Dallas Metro,Catholic Charities Dallas – Abundant Grace Embassy,"3606 Shepherd Ln, Balch Springs, TX 75180","Monthly; dates vary, 1:00pm",RRULE:FREQ=MONTHLY,13:00,120,866-223-7500,https://www.ccdallas.org/services/food-services/,"No registration; first-come; vehicle; share name, household size and resident ZIP",mobile pantry,Dates vary; verify current monthly schedule.
Balch Springs,Dallas Metro,Catholic Charities Dallas – Mesquite Rehabilitation Institute / Son of Man Worship,"4409 Pioneer Rd, Balch Springs, TX 75180","Monthly; dates vary, 9:00am",RRULE:FREQ=MONTHLY,9:00,120,866-223-7500,https://www.ccdallas.org/services/food-services/,"No registration; first-come; vehicle; share name, household size and resident ZIP",mobile pantry,Dates vary; verify current monthly schedule.
Dallas,Dallas Metro,Catholic Charities Dallas – Joe’s Pantry,"8102 Lyndon B Johnson Fwy, Dallas, TX 75251","Tue, Thu & Sat, 8:00am-10:00am and 12:00pm-2:00pm","RRULE:FREQ=WEEKLY;BYDAY=TU,TH,SA",8:00,360,866-223-7500,https://www.ccdallas.org/services/food-services/,"ZIP 75231, 75240, 75251, 75243, 75081; proof of residency; register in person",walk-in,Split morning/afternoon hours.
Dallas,Dallas Metro,Catholic Charities Dallas – Joe’s Pantry,"8102 Lyndon B Johnson Fwy, Dallas, TX 75251","Wednesday & Friday, 10:00am-1:00pm","RRULE:FREQ=WEEKLY;BYDAY=WE,FR",10:00,180,866-223-7500,https://www.ccdallas.org/services/food-services/,"ZIP 75231, 75240, 75251, 75243, 75081; proof of residency; register in person",walk-in,Split weekday schedule.
Dallas,Dallas Metro,Catholic Charities Dallas – Northway Christian Church,"7202 W Northwest Hwy, Dallas, TX 75225","Monthly; dates vary, 11:30am",RRULE:FREQ=MONTHLY,11:30,120,866-223-7500,https://www.ccdallas.org/services/food-services/,"No registration; first-come; vehicle; share name, household size and resident ZIP",mobile pantry,Dates vary; verify current monthly schedule.
Dallas,Dallas Metro,Catholic Charities Dallas – Our Lady of Perpetual Help,"7617 Cortland Ave, Dallas, TX 75235","Thursday, 9:30am-11:00am",RRULE:FREQ=WEEKLY;BYDAY=TH,9:30,90,866-223-7500,https://www.ccdallas.org/services/food-services/,No proof required for eligible families; walk-in during service hours,walk-in,Fixed pantry; verify current site hours.
Dallas,Dallas Metro,Catholic Charities Dallas – Our Lady of Perpetual Help – Anson,"2517 Anson Rd, Dallas, TX 75235","Monthly; dates vary, 9:00am",RRULE:FREQ=MONTHLY,9:00,120,866-223-7500,https://www.ccdallas.org/services/food-services/,"No registration; first-come; vehicle; share name, household size and resident ZIP",mobile pantry,Dates vary; verify current monthly schedule.
Dallas,Dallas Metro,Catholic Charities Dallas – Our Lady of Perpetual Help – Cortland,"2517 Anson Rd, Dallas, TX 75235","Monthly; dates vary, 9:30am",RRULE:FREQ=MONTHLY,9:30,120,866-223-7500,https://www.ccdallas.org/services/food-services/,"No registration; first-come; vehicle; share name, household size and resident ZIP",mobile pantry,Dates vary; verify current monthly schedule.
Dallas,Dallas Metro,Catholic Charities Dallas – Our Lady of San Juan de Lagos / Santa Teresita,"2601 Singleton Blvd, Dallas, TX 75212","Monday, 9:30am-11:00am",RRULE:FREQ=WEEKLY;BYDAY=MO,9:30,90,866-223-7500,https://www.ccdallas.org/services/food-services/,No proof required for eligible families; walk-in during service hours,walk-in,Fixed pantry; verify current site hours.
Dallas,Dallas Metro,Catholic Charities Dallas – Santa Fe Trails Apartments,"6318 Ridgecrest Rd, Dallas, TX 75231","Monthly; dates vary, 9:00am",RRULE:FREQ=MONTHLY,9:00,120,866-223-7500,https://www.ccdallas.org/services/food-services/,"No registration; first-come; vehicle; share name, household size and resident ZIP",mobile pantry,Dates vary; verify current monthly schedule.
Dallas,Dallas Metro,Catholic Charities Dallas – Springs Fellowship Church,"817 Holcomb Rd, Dallas, TX 75217","Monthly; dates vary, 9:00am",RRULE:FREQ=MONTHLY,9:00,120,866-223-7500,https://www.ccdallas.org/services/food-services/,"No registration; first-come; vehicle; share name, household size and resident ZIP",mobile pantry,Dates vary; verify current monthly schedule.
Dallas,Dallas Metro,Catholic Charities Dallas – St. Cecilia,"1809 W Davis St, Dallas, TX 75208","Monthly; dates vary, 1:00pm",RRULE:FREQ=MONTHLY,13:00,120,866-223-7500,https://www.ccdallas.org/services/food-services/,"No registration; first-come; vehicle; share name, household size and resident ZIP",mobile pantry,Dates vary; verify current monthly schedule.
Dallas,Dallas Metro,Catholic Charities Dallas – St. Patrick Catholic Church,"9643 Ferndale Rd, Dallas, TX 75238","Monthly; dates vary, 9:00am",RRULE:FREQ=MONTHLY,9:00,120,866-223-7500,https://www.ccdallas.org/services/food-services/,"No registration; first-come; vehicle; share name, household size and resident ZIP",mobile pantry,Dates vary; verify current monthly schedule.
Dallas,Dallas Metro,Catholic Charities Dallas – St. Philip,"8131 Military Pkwy, Dallas, TX 75227","Monthly; dates vary, 9:00am",RRULE:FREQ=MONTHLY,9:00,120,866-223-7500,https://www.ccdallas.org/services/food-services/,"No registration; first-come; vehicle; share name, household size and resident ZIP",mobile pantry,Dates vary; verify current monthly schedule.
Dallas,Dallas Metro,Concord Church – Harmony Food Pantry,"6969 Pastor Bailey Dr, Suite 300, Dallas, TX 75237","Monday, 1:00pm-5:00pm",RRULE:FREQ=WEEKLY;BYDAY=MO,13:00,240,214-467-6770,https://www.harmonycdc.org/food-pantry/,No appointment; first visit open to anyone; ongoing TEFAP/income and ZIP rules,walk-in,Monthly/quarterly service frequency varies by ZIP.
Dallas,Dallas Metro,Concord Church – Harmony Food Pantry,"6969 Pastor Bailey Dr, Suite 300, Dallas, TX 75237","Tuesday, 3:00pm-5:30pm",RRULE:FREQ=WEEKLY;BYDAY=TU,15:00,150,214-467-6770,https://www.harmonycdc.org/food-pantry/,No appointment; first visit open to anyone; ongoing TEFAP/income and ZIP rules,walk-in,Monthly/quarterly service frequency varies by ZIP.
Dallas,Dallas Metro,Concord Church – Harmony Food Pantry,"6969 Pastor Bailey Dr, Suite 300, Dallas, TX 75237","Thursday, 10:00am-2:00pm",RRULE:FREQ=WEEKLY;BYDAY=TH,10:00,240,214-467-6770,https://www.harmonycdc.org/food-pantry/,No appointment; first visit open to anyone; ongoing TEFAP/income and ZIP rules,walk-in,Monthly/quarterly service frequency varies by ZIP.
Dallas,Dallas Metro,Dallas West Church of Christ,"3510 N Hampton Rd, Dallas, TX 75212","2nd & 4th Tuesday, 9:00am-12:00pm","RRULE:FREQ=MONTHLY;BYDAY=2TU,4TU",9:00,180,214-631-5448,https://dwcoc.org/food-pantry,"Open to everyone; first-come, first-served; food forms at distribution",drive-thru,Until food runs out.
Dallas,Dallas Metro,North Texas Food Bank / Dallas College Pleasant Grove,"802 Buckner Blvd Dallas, TX 75217","Monthly, 10:00am-12:00pm",RRULE:FREQ=MONTHLY,10:00,120,214-330-1396,https://ntfb.org/wp-content/uploads/2025/02/Dallas-College-Spring-Break-Food-Distribution-NR-FINAL.pdf,"Vehicle; no pre-registration; first-come, first-served",drive-thru,Monthly campus distribution; verify date with Dallas College.
Dallas,Dallas Metro,North Texas Food Bank / UNT Dallas,"7300 University Hills Blvd Dallas, TX 75241","Monthly, 9:00am-12:00pm",RRULE:FREQ=MONTHLY,9:00,180,214-330-1396,https://ntfb.org/food-assistance/mobile-pantry/,Vehicle; share family size and residential ZIP; no registration,drive-thru,Dates subject to change; until food runs out.
Dallas,Dallas Metro,OurCalling,"1702 S Cesar Chavez Blvd, Dallas, TX 75215","Mon, Tue, Thu & Fri, 11:00am-12:30pm","RRULE:FREQ=WEEKLY;BYDAY=MO,TU,TH,FR",11:00,90,214-444-8796,https://www.ourcalling.org/faqs/,No appointment or ID; experiencing homelessness,hot meal,Zero-barrier outreach center.
Dallas,Dallas Metro,OurCalling,"1702 S Cesar Chavez Blvd, Dallas, TX 75215","Wednesday, 9:30am-11:30am",RRULE:FREQ=WEEKLY;BYDAY=WE,9:30,120,214-444-8796,https://www.ourcalling.org/faqs/,No appointment or ID; experiencing homelessness,hot meal,Zero-barrier outreach center.
Dallas,Dallas Metro,OurCalling,"1702 S Cesar Chavez Blvd, Dallas, TX 75215","Saturday, 9:30am-11:30am",RRULE:FREQ=WEEKLY;BYDAY=SA,9:30,120,214-444-8796,https://www.ourcalling.org/faqs/,No appointment or ID; experiencing homelessness,hot meal,Zero-barrier outreach center.
Dallas,Dallas Metro,The Bridge Homeless Recovery Center,"1818 Corsicana St, Dallas, TX 75201","Daily, 7:30am-8:30am",RRULE:FREQ=DAILY,7:30,60,214-670-1100,https://www.bridgehrc.org/faq/,Open to guests experiencing homelessness; no ID required to enter,hot meal,Breakfast available to every day-shelter guest.
Dallas,Dallas Metro,The Bridge Homeless Recovery Center,"1818 Corsicana St, Dallas, TX 75201","Daily, 12:00pm-1:00pm",RRULE:FREQ=DAILY,12:00,60,214-670-1100,https://www.bridgehrc.org/faq/,Open to guests experiencing homelessness; no ID required to enter,hot meal,Lunch available to every day-shelter guest.
Dallas,Dallas Metro,The Bridge Homeless Recovery Center,"1818 Corsicana St, Dallas, TX 75201","Daily, 6:00pm-7:00pm",RRULE:FREQ=DAILY,18:00,60,214-670-1100,https://www.bridgehrc.org/faq/,Night-shelter guests only,hot meal,Dinner is limited to night-shelter guests.
Dallas,Dallas Metro,The Stewpot Food Pantry,"1610 S Malcolm X Blvd, Building 300, Dallas, TX 75226","Daily walk-in hour, 12:00pm-1:00pm",RRULE:FREQ=DAILY,12:00,60,469-573-0148,https://www.thestewpot.org/food-pantry,Walk-in; new clients can register in person; no appointment for walk-in hour,walk-in,Same-day service depends on availability.
Dallas,Dallas Metro,Wilkinson Center Food Pantry,"3402 N Buckner Blvd, Dallas, TX 75228","Monday, 9:00am-12:00pm",RRULE:FREQ=WEEKLY;BYDAY=MO,9:00,180,,https://www.thewilkinsoncenter.org/food-and-support-services/,"New clients only may walk in; ZIP 75217, 75227 or 75228; proof of address",walk-in,Returning clients require appointments.
Dallas,Dallas Metro,Wilkinson Center Food Pantry,"3402 N Buckner Blvd, Dallas, TX 75228","Tuesday, 1:00pm-4:00pm",RRULE:FREQ=WEEKLY;BYDAY=TU,13:00,180,,https://www.thewilkinsoncenter.org/food-and-support-services/,"New clients only may walk in; ZIP 75217, 75227 or 75228; proof of address",walk-in,Returning clients require appointments.
Dallas,Dallas Metro,Wilkinson Center Food Pantry,"3402 N Buckner Blvd, Dallas, TX 75228","Wednesday, 9:00am-12:00pm",RRULE:FREQ=WEEKLY;BYDAY=WE,9:00,180,,https://www.thewilkinsoncenter.org/food-and-support-services/,"New clients only may walk in; ZIP 75217, 75227 or 75228; proof of address",walk-in,Returning clients require appointments.
Denton,Dallas Metro,Denton Freedom House – Freedom Food Pantry,"1720 W University Dr, Suite 101, Denton, TX 76201","Monday-Thursday, 9:30am-4:00pm","RRULE:FREQ=WEEKLY;BYDAY=MO,TU,WE,TH",9:30,390,940-808-1016,https://dentonfreedomhouse.org/services/freedom-food-pantry/,Anyone in need; register in person; no appointment required; scannable ID encouraged,walk-in,Client-choice pantry.
Denton,Dallas Metro,Denton Freedom House – Freedom Food Pantry,"1720 W University Dr, Suite 101, Denton, TX 76201","Friday, 8:30am-2:00pm",RRULE:FREQ=WEEKLY;BYDAY=FR,8:30,330,940-808-1016,https://dentonfreedomhouse.org/services/freedom-food-pantry/,Anyone in need; register in person; no appointment required; scannable ID encouraged,walk-in,Client-choice pantry.
Denton,Dallas Metro,First Refuge Ministries Food Pantry,"1701 Broadway St, Denton, TX 76201","Monday, 9:00am-12:00pm",RRULE:FREQ=WEEKLY;BYDAY=MO,9:00,180,940-484-4384,https://www.dentonrefuge.org/pantry,Denton County; TEFAP eligibility; walk-in,walk-in,Once every 30 days.
Denton,Dallas Metro,First Refuge Ministries Food Pantry,"1701 Broadway St, Denton, TX 76201","Wednesday, 1:00pm-4:00pm",RRULE:FREQ=WEEKLY;BYDAY=WE,13:00,180,940-484-4384,https://www.dentonrefuge.org/pantry,Denton County; TEFAP eligibility; walk-in,walk-in,Once every 30 days.
Denton,Dallas Metro,First Refuge Ministries Food Pantry,"1701 Broadway St, Denton, TX 76201","Thursday, 6:00pm-8:00pm",RRULE:FREQ=WEEKLY;BYDAY=TH,18:00,120,940-484-4384,https://www.dentonrefuge.org/pantry,Denton County; TEFAP eligibility; walk-in,walk-in,Once every 30 days.
Denton,Dallas Metro,Salvation Army Denton Food Pantry,"1508 E McKinney St, Denton, TX 76209","Wednesday & Friday, 9:30am-11:30am","RRULE:FREQ=WEEKLY;BYDAY=WE,FR",9:30,120,940-566-3800,https://salvationarmyntx.org/north-texas/denton/,Walk-in drive-thru; call to confirm current availability,drive-thru,Food pantry is listed as drive-thru.
Denton,Dallas Metro,Salvation Army Denton K.A.R.E. Kitchen,"1508 E McKinney St, Denton, TX 76209","Daily, 5:30pm-6:30pm",RRULE:FREQ=DAILY,17:30,60,940-566-3800,https://salvationarmyntx.org/north-texas/denton/,None stated; community meal,hot meal,Daily dinner service.
Denton,Dallas Metro,Tarrant Area Food Bank,"306 N Loop 288 Ste 400 Denton, TX 76209","2nd Saturday, 9:00am-11:00am",RRULE:FREQ=MONTHLY;BYDAY=2SA,9:00,120,817-857-7100,https://tafb.org/wp-content/uploads/mobile/mobile-pantry-schedule.pdf,None,mobile pantry,TAFB PDF dated 1/9/2023; 120-min duration estimated; confirm current schedule.
Denton,Dallas Metro,Tarrant Area Food Bank North – Denton Mobile Pantry,"306 N Loop 288, Suite 400, Denton, TX 76209","2nd Saturday, 9:00am-11:00am",RRULE:FREQ=MONTHLY;BYDAY=2SA,9:00,120,817-857-7100,https://www.tafb.org/wp-content/uploads/mobile/mobile-pantry-schedule.pdf,"No registration; first-come, first-served; share household size/ZIP",mobile pantry,Schedule source lists 2nd Saturday.
Duncanville,Dallas Metro,Catholic Charities Dallas – Grace Place Church,"520 Big Stone Gap Rd, Duncanville, TX 75137","Monthly; dates vary, 1:00pm",RRULE:FREQ=MONTHLY,13:00,120,866-223-7500,https://www.ccdallas.org/services/food-services/,"No registration; first-come; vehicle; share name, household size and resident ZIP",mobile pantry,Dates vary; verify current monthly schedule.
Ennis,Dallas Metro,Catholic Charities Dallas – Ennis Container Pantry,"401 E Lampasas St, Ennis, TX 75119","Tuesday-Saturday, 8:00am-12:00pm","RRULE:FREQ=WEEKLY;BYDAY=TU,WE,TH,FR,SA",8:00,240,866-223-7500,https://www.ccdallas.org/services/food-services/,No proof required for eligible families; walk-in during service hours,walk-in,Fixed container pantry.
Ennis,Dallas Metro,Helping Hands of Ennis Food Pantry,"604 NE Main St, Ennis, TX 75119","Monday-Friday, 8:00am-12:00pm","RRULE:FREQ=WEEKLY;BYDAY=MO,TU,WE,TH,FR",8:00,240,972-875-0218,https://helpinghandsofennis.com/,"Service area; photo ID, proof of address, household names/birthdates/income; walk-in application",walk-in,New applicants should apply by 11:00am.
Ferris,Dallas Metro,Catholic Charities Dallas – City of Ferris,"1000 Ferris Rd, Ferris, TX 75125","Monthly; dates vary, 9:00am",RRULE:FREQ=MONTHLY,9:00,120,866-223-7500,https://www.ccdallas.org/services/food-services/,"No registration; first-come; vehicle; share name, household size and resident ZIP",mobile pantry,Dates vary; verify current monthly schedule.
Frisco,Dallas Metro,Catholic Charities Dallas – St. Francis-Frisco,"8000 El Dorado Pkwy, Frisco, TX 75033","Monthly; dates vary, 1:00pm",RRULE:FREQ=MONTHLY,13:00,120,866-223-7500,https://www.ccdallas.org/services/food-services/,"No registration; first-come; vehicle; share name, household size and resident ZIP",mobile pantry,Dates vary; verify current monthly schedule.
Garland,Dallas Metro,Catholic Charities Dallas – For the Nations Community Center,"412 S Purdue Dr, Garland, TX 75042","Monthly; dates vary, 9:00am",RRULE:FREQ=MONTHLY,9:00,120,866-223-7500,https://www.ccdallas.org/services/food-services/,"No registration; first-come; vehicle; share name, household size and resident ZIP",mobile pantry,Dates vary; verify current monthly schedule.
Garland,Dallas Metro,Catholic Charities Dallas – Good Shepherd Garland,"1304 Main St, Garland, TX 75040","Monthly; dates vary, 9:00am",RRULE:FREQ=MONTHLY,9:00,120,866-223-7500,https://www.ccdallas.org/services/food-services/,"No registration; first-come; vehicle; share name, household size and resident ZIP",mobile pantry,Dates vary; verify current monthly schedule.
Garland,Dallas Metro,Catholic Charities Dallas – Iglesia Episcopal San Bernabe,"1200 N Shiloh Rd, Garland, TX 75042","Monthly; dates vary, 9:00am",RRULE:FREQ=MONTHLY,9:00,120,866-223-7500,https://www.ccdallas.org/services/food-services/,"No registration; first-come; vehicle; share name, household size and resident ZIP",mobile pantry,Dates vary; verify current monthly schedule.
Garland,Dallas Metro,Catholic Charities Dallas – Oasis on the MT CHC,"821 E Miller Rd, Garland, TX 75040","Monthly; dates vary, 1:00pm",RRULE:FREQ=MONTHLY,13:00,120,866-223-7500,https://www.ccdallas.org/services/food-services/,"No registration; first-come; vehicle; share name, household size and resident ZIP",mobile pantry,Dates vary; verify current monthly schedule.
Grand Prairie,Dallas Metro,Catholic Charities Dallas – Faith Fellowship Missionary Baptist Church,"4205 S Robinson Rd, Grand Prairie, TX 75052","Monthly; dates vary, 9:00am",RRULE:FREQ=MONTHLY,9:00,120,866-223-7500,https://www.ccdallas.org/services/food-services/,"No registration; first-come; vehicle; share name, household size and resident ZIP",mobile pantry,Dates vary; verify current monthly schedule.
Grand Prairie,Dallas Metro,Catholic Charities Dallas – St. Michaels Grand Prairie,"2910 Corn Valley Rd, Grand Prairie, TX 75052","Monthly; dates vary, 9:00am",RRULE:FREQ=MONTHLY,9:00,120,866-223-7500,https://www.ccdallas.org/services/food-services/,"No registration; first-come; vehicle; share name, household size and resident ZIP",mobile pantry,Dates vary; verify current monthly schedule.
Irving,Dallas Metro,Catholic Charities Dallas – Bear Creek Community Church,"2700 Finley Rd, Irving, TX 75062","Monthly; dates vary, 9:00am",RRULE:FREQ=MONTHLY,9:00,120,866-223-7500,https://www.ccdallas.org/services/food-services/,"No registration; first-come; vehicle; share name, household size and resident ZIP",mobile pantry,Dates vary; verify current monthly schedule.
Irving,Dallas Metro,Catholic Charities Dallas – Holy Family,"2323 Cheyenne St, Irving, TX 75062","Monthly; dates vary, 9:00am",RRULE:FREQ=MONTHLY,9:00,120,866-223-7500,https://www.ccdallas.org/services/food-services/,"No registration; first-come; vehicle; share name, household size and resident ZIP",mobile pantry,Dates vary; verify current monthly schedule.
Irving,Dallas Metro,Catholic Charities Dallas – Keyes Elementary,"1501 N Britain Rd, Irving, TX 75061","Monthly; dates vary, 9:00am",RRULE:FREQ=MONTHLY,9:00,120,866-223-7500,https://www.ccdallas.org/services/food-services/,"No registration; first-come; vehicle; share name, household size and resident ZIP",mobile pantry,Dates vary; verify current monthly schedule.
Irving,Dallas Metro,Catholic Charities Dallas – St. Luke,"202 S MacArthur Blvd, Irving, TX 75060","Monthly; dates vary, 9:00am",RRULE:FREQ=MONTHLY,9:00,120,866-223-7500,https://www.ccdallas.org/services/food-services/,"No registration; first-come; vehicle; share name, household size and resident ZIP",mobile pantry,Dates vary; verify current monthly schedule.
Irving,Dallas Metro,Irving Cares,"440 S Nursery Rd, Suite 101, Irving, TX 75060","Monday, 9:00am-12:00pm",RRULE:FREQ=WEEKLY;BYDAY=MO,9:00,180,972-721-9181,https://irvingcares.org/services/food-pantry/,Irving residents; photo ID and proof of Irving residence; walk-in first-come,walk-in,40 Monday spots.
Irving,Dallas Metro,Irving Cares,"440 S Nursery Rd, Suite 101, Irving, TX 75060","Tuesday & Thursday, 9:00am-12:00pm","RRULE:FREQ=WEEKLY;BYDAY=TU,TH",9:00,180,972-721-9181,https://irvingcares.org/services/food-pantry/,Irving residents; photo ID and proof of Irving residence; walk-in first-come,walk-in,40 morning spots each day.
Irving,Dallas Metro,Irving Cares,"440 S Nursery Rd, Suite 101, Irving, TX 75060","Tuesday & Thursday, 1:00pm-3:30pm","RRULE:FREQ=WEEKLY;BYDAY=TU,TH",13:00,150,972-721-9181,https://irvingcares.org/services/food-pantry/,Irving residents; photo ID and proof of Irving residence; walk-in first-come,walk-in,40 afternoon spots each day.
Irving,Dallas Metro,Northgate United Methodist Church Food Pantry,"3700 W Northgate Dr, Irving, TX 75062","1st & 3rd Saturday, 8:30am-10:30am","RRULE:FREQ=MONTHLY;BYDAY=1SA,3SA",8:30,120,972-252-8519,https://www.northgateumc.org/2026/northgate-in-action-food-pantry-clothes-closet-open-7-18-26/,No appointment required,walk-in,Food pantry and clothes closet.
Italy,Dallas Metro,Catholic Charities Dallas – Mt. Gilead Baptist Church,"106 Harris St, Italy, TX 76651","Monthly; dates vary, 9:00am",RRULE:FREQ=MONTHLY,9:00,120,866-223-7500,https://www.ccdallas.org/services/food-services/,"No registration; first-come; vehicle; share name, household size and resident ZIP",mobile pantry,Dates vary; verify current monthly schedule.
Justin,Dallas Metro,Tarrant Area Food Bank,"2100 Texan Dr Justin, TX 76247","3rd Saturday, 9:00am-11:00am",RRULE:FREQ=MONTHLY;BYDAY=3SA,9:00,120,817-857-7100,https://tafb.org/wp-content/uploads/mobile/mobile-pantry-schedule.pdf,None,mobile pantry,TAFB PDF dated 1/9/2023; 120-min duration estimated; confirm current schedule.
Kaufman,Dallas Metro,The Center – Kaufman Food Pantry,"400 S Terrell Hwy, Kaufman, TX 75142","Tuesday & Thursday, 9:00am-12:00pm","RRULE:FREQ=WEEKLY;BYDAY=TU,TH",9:00,180,972-932-8866,https://thecenterkaufman.org/get-help/,"Residents of Combine, Crandall, Heartland, Kaufman, Kemp, Rosser or Scurry; once/month",walk-in,Financial-stress eligibility.
Lake Dallas,Dallas Metro,Open Harvest Ministries Pantry,"211 N Hook St, Lake Dallas, TX 75065","Saturday, 8:00am-11:00am",RRULE:FREQ=WEEKLY;BYDAY=SA,8:00,180,940-268-8625,https://www.openharvestministries.org/,Southern Denton County service area; walk-in,walk-in,Emergency supplemental groceries.
Lancaster,Dallas Metro,Catholic Charities Dallas – St. Francis-Lancaster,"1537 Rogers Ave, Lancaster, TX 75134","Monthly; dates vary, 9:00am",RRULE:FREQ=MONTHLY,9:00,120,866-223-7500,https://www.ccdallas.org/services/food-services/,"No registration; first-come; vehicle; share name, household size and resident ZIP",mobile pantry,Dates vary; verify current monthly schedule.
Lancaster,Dallas Metro,Catholic Charities Dallas – Villas of Lancaster,"2531 W Pleasant Run Rd, Lancaster, TX 75146","Monthly; dates vary, 9:00am",RRULE:FREQ=MONTHLY,9:00,120,866-223-7500,https://www.ccdallas.org/services/food-services/,"No registration; first-come; vehicle; share name, household size and resident ZIP",mobile pantry,Dates vary; verify current monthly schedule.
Lewisville,Dallas Metro,Christian Community Action Food Pantry,"200 S Mill St, Lewisville, TX 75057","Monday-Thursday, 9:00am-11:00am","RRULE:FREQ=WEEKLY;BYDAY=MO,TU,WE,TH",9:00,120,,https://www.ccahelps.org/help/,"CCA service-area resident; first-come, first-served; limited availability",walk-in,Arrive early; morning session.
Lewisville,Dallas Metro,Christian Community Action Food Pantry,"200 S Mill St, Lewisville, TX 75057","Monday-Thursday, 1:00pm-3:00pm","RRULE:FREQ=WEEKLY;BYDAY=MO,TU,WE,TH",13:00,120,,https://www.ccahelps.org/help/,"CCA service-area resident; first-come, first-served; limited availability",walk-in,Afternoon session.
Lewisville,Dallas Metro,Christian Community Action Food Pantry,"200 S Mill St, Lewisville, TX 75057","Friday, 9:00am-11:00am",RRULE:FREQ=WEEKLY;BYDAY=FR,9:00,120,,https://www.ccahelps.org/help/,"CCA service-area resident; first-come, first-served; limited availability",walk-in,Arrive early; limited availability.
Lewisville,Dallas Metro,Salvation Army Lewisville Corps Community Lunch,"880 Fox Ave, Lewisville, TX 75067","Monday-Friday, 12:00pm-1:00pm","RRULE:FREQ=WEEKLY;BYDAY=MO,TU,WE,TH,FR",12:00,60,972-353-9400,https://salvationarmyntx.org/north-texas/lewisville/,None stated,hot meal,Community lunch.
Lewisville,Dallas Metro,Salvation Army Lewisville Corps Food Pantry,"880 Fox Ave, Lewisville, TX 75067","Tuesday & Thursday, 9:00am-11:30am and 1:30pm-3:30pm","RRULE:FREQ=WEEKLY;BYDAY=TU,TH",9:00,390,972-353-9400,https://salvationarmyntx.org/north-texas/lewisville/,Call for current service-area requirements; walk-in during pantry hours,walk-in,Split morning/afternoon hours.
Lewisville,Dallas Metro,Tarrant Area Food Bank,"1316 W Main St Lewisville, TX 75067","2nd Saturday, 10:30am-12:30pm",RRULE:FREQ=MONTHLY;BYDAY=2SA,10:30,120,817-857-7100,https://tafb.org/wp-content/uploads/mobile/mobile-pantry-schedule.pdf,None,mobile pantry,TAFB PDF dated 1/9/2023; 120-min duration estimated; confirm current schedule.
Lewisville,Dallas Metro,Tarrant Area Food Bank,"900 Bellaire Blvd Lewisville, TX 75067","4th Saturday, 9:30am-11:30am",RRULE:FREQ=MONTHLY;BYDAY=4SA,9:30,120,817-857-7100,https://tafb.org/wp-content/uploads/mobile/mobile-pantry-schedule.pdf,None,mobile pantry,TAFB PDF dated 1/9/2023; 120-min duration estimated; confirm current schedule.
McKinney,Dallas Metro,Catholic Charities Dallas – St. Michael’s,"411 Paula Rd, McKinney, TX 75069","Monthly; dates vary, 1:00pm",RRULE:FREQ=MONTHLY,13:00,120,866-223-7500,https://www.ccdallas.org/services/food-services/,"No registration; first-come; vehicle; share name, household size and resident ZIP",mobile pantry,Dates vary; verify current monthly schedule.
McKinney,Dallas Metro,Collin County Agape Food Ministry,"821 Rockwall St, McKinney, TX 75069","4th Saturday, time not published",RRULE:FREQ=MONTHLY;BYDAY=4SA,9:00,120,469-396-5096,https://www.collincountyagapeministry.com/,"Name, address and phone; Collin County; call to confirm time",walk-in,Time not published; human verification needed.
McKinney,Dallas Metro,The Samaritan Inn Food Pantry,"1601 N Waddill St, McKinney, TX 75069","Tuesday-Thursday, 10:00am-2:45pm (closed 1:00-1:30pm)","RRULE:FREQ=WEEKLY;BYDAY=TU,WE,TH",10:00,285,,https://saminn.org/food-pantry/,Photo ID and proof of current address; no address proof expected for people homeless; service area listed,walk-in,In-person pantry shopping.
McKinney,Dallas Metro,The Samaritan Inn Mobile Food Distribution – First Baptist Church,"401 W Erwin Ave, McKinney, TX 75069","3rd Saturday, 9:00am-11:00am",RRULE:FREQ=MONTHLY;BYDAY=3SA,9:00,120,,https://saminn.org/food-pantry/,Photo ID/proof of address; service area; drive-through; no appointment stated,drive-thru,Mobile schedule published by Samaritan Inn.
McKinney,Dallas Metro,The Samaritan Inn Mobile Food Distribution – First Christian Church,"1800 W Hunt St, McKinney, TX 75069","1st Saturday, 9:00am-10:30am",RRULE:FREQ=MONTHLY;BYDAY=1SA,9:00,90,,https://saminn.org/food-pantry/,Photo ID/proof of address; service area; drive-through; no appointment stated,drive-thru,Mobile schedule published by Samaritan Inn.
McKinney,Dallas Metro,The Samaritan Inn Mobile Food Distribution – First United Methodist Church,"315 N Church St, McKinney, TX 75069","2nd & 4th Saturday, 9:30am-11:00am","RRULE:FREQ=MONTHLY;BYDAY=2SA,4SA",9:30,90,,https://saminn.org/food-pantry/,Photo ID/proof of address; service area; drive-through; no appointment stated,drive-thru,Mobile schedule published by Samaritan Inn.
Mesquite,Dallas Metro,Catholic Charities Dallas – En Pos de Cristo,"1401 Powell Rd, Mesquite, TX 75149","Monthly; dates vary, 9:00am",RRULE:FREQ=MONTHLY,9:00,120,866-223-7500,https://www.ccdallas.org/services/food-services/,"No registration; first-come; vehicle; share name, household size and resident ZIP",mobile pantry,Dates vary; verify current monthly schedule.
Mesquite,Dallas Metro,Catholic Charities Dallas – Light Church,"2606 John West Rd, Mesquite, TX 75150","Monthly; dates vary, 9:00am",RRULE:FREQ=MONTHLY,9:00,120,866-223-7500,https://www.ccdallas.org/services/food-services/,"No registration; first-come; vehicle; share name, household size and resident ZIP",mobile pantry,Dates vary; verify current monthly schedule.
Mesquite,Dallas Metro,Sharing Life Community Outreach Food Pantry,"3795 W Emporium Circle, Mesquite, TX 75150","Monday-Thursday, 9:00am-3:00pm","RRULE:FREQ=WEEKLY;BYDAY=MO,TU,WE,TH",9:00,360,972-285-5819,https://sharing.life/pantry/,South East Dallas service area; walk-ins welcome; no appointment necessary,walk-in,Friday is senior-only and excluded.
Mesquite,Dallas Metro,Sharing Life Community Outreach Food Pantry,"3795 W Emporium Circle, Mesquite, TX 75150","Monday-Thursday, 5:00pm-7:00pm","RRULE:FREQ=WEEKLY;BYDAY=MO,TU,WE,TH",17:00,120,972-285-5819,https://sharing.life/pantry/,South East Dallas service area; walk-ins welcome; no appointment necessary,walk-in,Friday is senior-only and excluded.
Plano,Dallas Metro,Catholic Charities Dallas – Christ United Methodist Church,"3101 Coit Rd, Plano, TX 75075","Monthly; dates vary, 1:00pm",RRULE:FREQ=MONTHLY,13:00,120,866-223-7500,https://www.ccdallas.org/services/food-services/,"No registration; first-come; vehicle; share name, household size and resident ZIP",mobile pantry,Dates vary; verify monthly CCD schedule.
Plano,Dallas Metro,Catholic Charities Dallas – Christian Benevolent Outreach,"1804 P Ave, Plano, TX 75074","Monthly; dates vary, 7:45am",RRULE:FREQ=MONTHLY,7:45,120,866-223-7500,https://www.ccdallas.org/services/food-services/,"No registration; first-come; vehicle; share name, household size and resident ZIP",mobile pantry,Dates vary; verify monthly CCD schedule.
Plano,Dallas Metro,Catholic Charities Dallas – St. Marks,"1100 W 15th St, Plano, TX 75075","Monthly; dates vary, 9:00am",RRULE:FREQ=MONTHLY,9:00,120,866-223-7500,https://www.ccdallas.org/services/food-services/,"No registration; first-come; vehicle; share name, household size and resident ZIP",mobile pantry,Dates vary; verify monthly CCD schedule.
Plano,Dallas Metro,Minnie's Food Pantry,"671 18th St, Plano, TX 75074","Wednesday-Saturday, 8:30am-11:30am","RRULE:FREQ=WEEKLY;BYDAY=WE,TH,FR,SA",8:30,180,972-596-0253,https://minniesfoodpantry.org/get-help/,Photo ID and utility bill/lease; income guidelines; once per calendar month,drive-thru,Closed every 5th Saturday.
Plano,Dallas Metro,North Texas Food Bank / Collin College Plano,"2800 E Spring Creek Pkwy Plano, TX 75074","1st Thursday, 11:00am-1:00pm",RRULE:FREQ=MONTHLY;BYDAY=1TH,11:00,120,214-330-1396,https://ntfb.org/food-assistance/mobile-pantry/,Vehicle; share family size; no registration,drive-thru,Until food runs out; confirm with Collin College.
Plano,Dallas Metro,North Texas Food Bank / Collin College Plano Mobile Pantry,"2800 E Spring Creek Pkwy, Plano, TX 75074","1st Thursday, 11:00am-1:00pm",RRULE:FREQ=MONTHLY;BYDAY=1TH,11:00,120,214-330-1396,https://ntfb.org/food-assistance/mobile-pantry/,No registration; first-come; vehicle; share family size; self-declared ZIP,drive-thru,Until food runs out.
Ponder,Dallas Metro,Tarrant Area Food Bank,"104 Remington Park Ln Ponder, TX 76259","2nd Saturday, 7:30am-9:30am",RRULE:FREQ=MONTHLY;BYDAY=2SA,7:30,120,817-857-7100,https://tafb.org/wp-content/uploads/mobile/mobile-pantry-schedule.pdf,None,mobile pantry,TAFB PDF dated 1/9/2023; 120-min duration estimated; confirm current schedule.
Richardson,Dallas Metro,CARE Corps Food Pantry,"1504 E Campbell Rd, Richardson, TX 75081","Tuesday & Thursday, 12:00pm-2:30pm","RRULE:FREQ=WEEKLY;BYDAY=TU,TH",12:00,150,972-231-8231,https://www.carechurch.org/carecorps,Richardson/RISD service area; photo ID and mail/lease; once every 28 days,walk-in,Current location/hours should be confirmed.
Richardson,Dallas Metro,CARE Corps Food Pantry,"1504 E Campbell Rd, Richardson, TX 75081","1st Monday, 6:00pm-7:00pm",RRULE:FREQ=MONTHLY;BYDAY=1MO,18:00,60,972-231-8231,https://www.carechurch.org/carecorps,Richardson/RISD service area; photo ID and mail/lease; once every 28 days,walk-in,Current location/hours should be confirmed.
Richardson,Dallas Metro,Catholic Charities Dallas – Islamic Association of North Texas,"840 Abrams Rd, Richardson, TX 75081","Monthly; dates vary, 9:00am",RRULE:FREQ=MONTHLY,9:00,120,866-223-7500,https://www.ccdallas.org/services/food-services/,"No registration; first-come; vehicle; share name, household size and resident ZIP",mobile pantry,Dates vary; verify current monthly schedule.
Richardson,Dallas Metro,Catholic Charities Dallas – Rapha’s World Ministries,"1350 E Arapaho Rd, Suite 120, Richardson, TX 75081","Monthly; dates vary, 9:00am",RRULE:FREQ=MONTHLY,9:00,120,866-223-7500,https://www.ccdallas.org/services/food-services/,"No registration; first-come; vehicle; share name, household size and resident ZIP",mobile pantry,Dates vary; verify current monthly schedule.
Richardson,Dallas Metro,Catholic Charities Dallas – St. Joseph (Richardson),"600 S Jupiter Rd, Richardson, TX 75081","Monthly; dates vary, 9:00am",RRULE:FREQ=MONTHLY,9:00,120,866-223-7500,https://www.ccdallas.org/services/food-services/,"No registration; first-come; vehicle; share name, household size and resident ZIP",mobile pantry,Dates vary; verify current monthly schedule.
Rockwall,Dallas Metro,Catholic Charities Dallas – Our Lady of the Lake,"1305 Damascus Rd, Rockwall, TX 75087","Monthly; dates vary, 1:00pm",RRULE:FREQ=MONTHLY,13:00,120,866-223-7500,https://www.ccdallas.org/services/food-services/,"No registration; first-come; vehicle; share name, household size and resident ZIP",mobile pantry,Dates vary; verify current monthly schedule.
Rockwall,Dallas Metro,Helping Hands of Rockwall County Food Pantry,"990 Williams St, Suite C, Rockwall, TX 75087","Monday-Friday, 9:30am-12:00pm and 1:00pm-3:30pm","RRULE:FREQ=WEEKLY;BYDAY=MO,TU,WE,TH,FR",9:30,360,972-771-4357,https://rockwallhelpinghands.com/get-help/,Call to confirm resident/ID requirements; pantry hours published; walk-in status verify,walk-in,Human verification recommended for walk-in policy.
Rockwall,Dallas Metro,Lakepointe Church Food Pantry,"701 E Interstate 30, Rockwall, TX 75087","Thursday, 9:00am-11:00am",RRULE:FREQ=WEEKLY;BYDAY=TH,9:00,120,469-698-2200,https://lakepointe.church/foodpantry/,Open to anyone,walk-in,Serves about 150 families weekly.
Rockwall,Dallas Metro,North Texas Food Bank / Our Savior Lutheran Church,"3003 Horizon Rd Rockwall, TX 75032","1st Friday, 9:00am-11:00am",RRULE:FREQ=MONTHLY;BYDAY=1FR,9:00,120,214-330-1396,https://ntfb.org/event/our-savior-lutheran-14/2023-11-03/,"Vehicle; first-come, first-served",drive-thru,NTFB event page identifies recurring monthly mobile pantry; confirm current status.
Rowlett,Dallas Metro,Catholic Charities Dallas – New Life Assembly,"3212 Kyle Rd, Rowlett, TX 75088","Monthly; dates vary, 1:00pm",RRULE:FREQ=MONTHLY,13:00,120,866-223-7500,https://www.ccdallas.org/services/food-services/,"No registration; first-come; vehicle; share name, household size and resident ZIP",mobile pantry,Dates vary; verify current monthly schedule.
Rowlett,Dallas Metro,Hope in Hand Food Pantry,"7301 Miller Rd, Rowlett, TX 75088","Monday, Wednesday & Saturday, 10:00am-12:00pm","RRULE:FREQ=WEEKLY;BYDAY=MO,WE,SA",10:00,120,972-475-3559,https://fccrowlett.org/receiving_assistance,"Residents of Rowlett, Garland, Sachse or Rockwall; photo ID and utility bill; no appointment",drive-thru,Curbside/drive-through service.
Rowlett,Dallas Metro,Hope in Hand Food Pantry,"7301 Miller Rd, Rowlett, TX 75088","Tuesday & Thursday, 6:00pm-8:00pm","RRULE:FREQ=WEEKLY;BYDAY=TU,TH",18:00,120,972-475-3559,https://fccrowlett.org/receiving_assistance,"Residents of Rowlett, Garland, Sachse or Rockwall; photo ID and utility bill; no appointment",drive-thru,Curbside/drive-through service.
Waxahachie,Dallas Metro,Catholic Charities Dallas – Trinity Church Waxahachie,"515 E Marvin Ave, Waxahachie, TX 75165","Monthly; dates vary, 9:00am",RRULE:FREQ=MONTHLY,9:00,120,866-223-7500,https://www.ccdallas.org/services/food-services/,"No registration; first-come; vehicle; share name, household size and resident ZIP",mobile pantry,Dates vary; verify current monthly schedule.
Waxahachie,Dallas Metro,College Street Church of Christ Food Pantry,"423 N College St, Waxahachie, TX 75165","Monday & Wednesday, 9:00am-11:00am","RRULE:FREQ=WEEKLY;BYDAY=MO,WE",9:00,120,972-937-8855,https://www.homelessshelterdirectory.org/foodbank/tx_college-street-church-of-christ,Ellis County residents; call to confirm current hours,walk-in,Directory listing; verify current operation.
West Tawakoni,Dallas Metro,Catholic Charities Dallas – Lakeside Community Church,"1056 TX-276, West Tawakoni, TX 75474","Monthly; dates vary, 9:00am",RRULE:FREQ=MONTHLY,9:00,120,866-223-7500,https://www.ccdallas.org/services/food-services/,"No registration; first-come; vehicle; share name, household size and resident ZIP",mobile pantry,Dates vary; verify current monthly schedule.
Wylie,Dallas Metro,Catholic Charities Dallas – Christ Embassy Collin,"630 Sanden Blvd, Wylie, TX 75098","Monthly; dates vary, 9:00am",RRULE:FREQ=MONTHLY,9:00,120,866-223-7500,https://www.ccdallas.org/services/food-services/,"No registration; first-come; vehicle; share name, household size and resident ZIP",mobile pantry,Dates vary; verify current monthly schedule.
Longview,East Texas,Longview Resource Center - East Texas Food Bank,"2900 Signal Hill Drive, Longview, TX 75601","Tue-Thu, 10:30am-1:30pm","RRULE:FREQ=WEEKLY;BYDAY=TU,WE,TH",10:30,180,903-204-4400,https://www.easttexasfoodbank.org/resource-centers/,Verbal household/income declaration; income guidelines or crisis eligibility,walk-in,No appointment for pantry; visit limit may apply.
Longview,East Texas,Longview Resource Center - East Texas Food Bank,"2900 Signal Hill Drive, Longview, TX 75601","Tue-Thu, 3:30pm-5:30pm","RRULE:FREQ=WEEKLY;BYDAY=TU,WE,TH",15:30,120,903-204-4400,https://www.easttexasfoodbank.org/resource-centers/,Verbal household/income declaration; income guidelines or crisis eligibility,walk-in,No appointment for pantry; visit limit may apply.
Longview,East Texas,Longview Resource Center - East Texas Food Bank,"2900 Signal Hill Drive, Longview, TX 75601","Friday, 10:30am-3:00pm",RRULE:FREQ=WEEKLY;BYDAY=FR,10:30,270,903-204-4400,https://www.easttexasfoodbank.org/resource-centers/,Verbal household/income declaration; income guidelines or crisis eligibility,walk-in,No appointment for pantry; visit limit may apply.
Lufkin,East Texas,Lufkin Resource Center - East Texas Food Bank,"105 Lofton Street, Lufkin, TX 75904","Tue-Thu, 10:30am-1:30pm","RRULE:FREQ=WEEKLY;BYDAY=TU,WE,TH",10:30,180,936-238-3291,https://www.easttexasfoodbank.org/resource-centers/,Verbal household/income declaration; income guidelines or crisis eligibility,walk-in,No appointment for pantry; visit limit may apply.
Lufkin,East Texas,Lufkin Resource Center - East Texas Food Bank,"105 Lofton Street, Lufkin, TX 75904","Tue-Thu, 3:30pm-5:30pm","RRULE:FREQ=WEEKLY;BYDAY=TU,WE,TH",15:30,120,936-238-3291,https://www.easttexasfoodbank.org/resource-centers/,Verbal household/income declaration; income guidelines or crisis eligibility,walk-in,No appointment for pantry; visit limit may apply.
Lufkin,East Texas,Lufkin Resource Center - East Texas Food Bank,"105 Lofton Street, Lufkin, TX 75904","Friday, 10:30am-3:00pm",RRULE:FREQ=WEEKLY;BYDAY=FR,10:30,270,936-238-3291,https://www.easttexasfoodbank.org/resource-centers/,Verbal household/income declaration; income guidelines or crisis eligibility,walk-in,No appointment for pantry; visit limit may apply.
Texarkana,East Texas,Texarkana Resource Center - East Texas Food Bank,"3019 S. Lake Drive, Texarkana, TX 75501","Tue-Thu, 10:30am-1:30pm","RRULE:FREQ=WEEKLY;BYDAY=TU,WE,TH",10:30,180,903-270-0182,https://www.easttexasfoodbank.org/resource-centers/,Verbal household/income declaration; income guidelines or crisis eligibility,walk-in,No appointment for pantry; visit limit may apply.
Texarkana,East Texas,Texarkana Resource Center - East Texas Food Bank,"3019 S. Lake Drive, Texarkana, TX 75501","Tue-Thu, 3:30pm-5:30pm","RRULE:FREQ=WEEKLY;BYDAY=TU,WE,TH",15:30,120,903-270-0182,https://www.easttexasfoodbank.org/resource-centers/,Verbal household/income declaration; income guidelines or crisis eligibility,walk-in,No appointment for pantry; visit limit may apply.
Texarkana,East Texas,Texarkana Resource Center - East Texas Food Bank,"3019 S. Lake Drive, Texarkana, TX 75501","Friday, 10:30am-3:00pm",RRULE:FREQ=WEEKLY;BYDAY=FR,10:30,270,903-270-0182,https://www.easttexasfoodbank.org/resource-centers/,Verbal household/income declaration; income guidelines or crisis eligibility,walk-in,No appointment for pantry; visit limit may apply.
Tyler,East Texas,Tyler Resource Center - East Texas Food Bank,"3201 Robertson Road, Tyler, TX 75701","Mon-Thu, 12:00pm-2:00pm","RRULE:FREQ=WEEKLY;BYDAY=MO,TU,WE,TH",12:00,120,903-270-0168,https://www.easttexasfoodbank.org/resource-centers/,Verbal household/income declaration; income guidelines or crisis eligibility,walk-in,No appointment for pantry; visit limit may apply.
Tyler,East Texas,Tyler Resource Center - East Texas Food Bank,"3201 Robertson Road, Tyler, TX 75701","Mon-Thu, 4:00pm-6:30pm","RRULE:FREQ=WEEKLY;BYDAY=MO,TU,WE,TH",16:00,150,903-270-0168,https://www.easttexasfoodbank.org/resource-centers/,Verbal household/income declaration; income guidelines or crisis eligibility,walk-in,No appointment for pantry; visit limit may apply.
Tyler,East Texas,Tyler Resource Center - East Texas Food Bank,"3201 Robertson Road, Tyler, TX 75701","Friday, 12:00pm-2:00pm",RRULE:FREQ=WEEKLY;BYDAY=FR,12:00,120,903-270-0168,https://www.easttexasfoodbank.org/resource-centers/,Verbal household/income declaration; income guidelines or crisis eligibility,walk-in,No appointment for pantry; visit limit may apply.
El Paso,El Paso Area,Mercado (EPFH Pantry),"9541 Plaza Cir., El Paso, TX 79927","Tuesday-Friday, 8:30am-4:00pm","RRULE:FREQ=WEEKLY;BYDAY=TU,WE,TH,FR",8:30,450,915-298-0353,https://www.elpasoansfightinghunger.org/main-location,No referral; Texas address; no ID required; walk-up or vehicle,walk-in,High volume; food availability not guaranteed.
Arlington,Fort Worth Metro,Tarrant Area Food Bank,"133 Luttrell St Arlington, TX 76010","2nd & 4th Monday, 9:00am-11:00am","RRULE:FREQ=MONTHLY;BYDAY=2MO,4MO",9:00,120,817-857-7100,https://tafb.org/wp-content/uploads/mobile/mobile-pantry-schedule.pdf,None,mobile pantry,TAFB PDF dated 1/9/2023; 120-min duration estimated; confirm current schedule.
Arlington,Fort Worth Metro,Tarrant Area Food Bank,"2015 S Cooper St Arlington, TX 76010","1st Saturday, 4:00pm-6:00pm",RRULE:FREQ=MONTHLY;BYDAY=1SA,16:00,120,817-857-7100,https://tafb.org/wp-content/uploads/mobile/mobile-pantry-schedule.pdf,None,mobile pantry,TAFB PDF dated 1/9/2023; 120-min duration estimated; confirm current schedule.
Arlington,Fort Worth Metro,Tarrant Area Food Bank,"2045 Green Oaks Blvd Arlington, TX 76018","2nd Saturday, 9:00am-11:00am",RRULE:FREQ=MONTHLY;BYDAY=2SA,9:00,120,817-857-7100,https://tafb.org/wp-content/uploads/mobile/mobile-pantry-schedule.pdf,None,mobile pantry,TAFB PDF dated 1/9/2023; 120-min duration estimated; confirm current schedule.
Arlington,Fort Worth Metro,Tarrant Area Food Bank,"2100 Southeast Pkwy Arlington, TX 76018","3rd Friday, 11:00am-1:00pm",RRULE:FREQ=MONTHLY;BYDAY=3FR,11:00,120,817-857-7100,https://tafb.org/wp-content/uploads/mobile/mobile-pantry-schedule.pdf,None,mobile pantry,TAFB PDF dated 1/9/2023; 120-min duration estimated; confirm current schedule.
Arlington,Fort Worth Metro,Tarrant Area Food Bank,"5001 New York Ave Arlington, TX 76018","4th Friday, 10:00am-12:00pm",RRULE:FREQ=MONTHLY;BYDAY=4FR,10:00,120,817-857-7100,https://tafb.org/wp-content/uploads/mobile/mobile-pantry-schedule.pdf,None,mobile pantry,TAFB PDF dated 1/9/2023; 120-min duration estimated; confirm current schedule.
Azle,Fort Worth Metro,Tarrant Area Food Bank,"133 E Main St Azle, TX 76020","4th Tuesday, 4:00pm-6:00pm",RRULE:FREQ=MONTHLY;BYDAY=4TU,16:00,120,817-857-7100,https://tafb.org/wp-content/uploads/mobile/mobile-pantry-schedule.pdf,None,mobile pantry,TAFB PDF dated 1/9/2023; 120-min duration estimated; confirm current schedule.
Azle,Fort Worth Metro,Tarrant Area Food Bank,"1530 E Reno Rd Azle, TX 76020","2nd Tuesday, 4:00pm-6:00pm",RRULE:FREQ=MONTHLY;BYDAY=2TU,16:00,120,817-857-7100,https://tafb.org/wp-content/uploads/mobile/mobile-pantry-schedule.pdf,None,mobile pantry,TAFB PDF dated 1/9/2023; 120-min duration estimated; confirm current schedule.
Burleson,Fort Worth Metro,Tarrant Area Food Bank,"500 NE Alsbury Blvd Burleson, TX 76028","4th Saturday, 9:00am-11:00am",RRULE:FREQ=MONTHLY;BYDAY=4SA,9:00,120,817-857-7100,https://tafb.org/wp-content/uploads/mobile/mobile-pantry-schedule.pdf,None,mobile pantry,TAFB PDF dated 1/9/2023; 120-min duration estimated; confirm current schedule.
Cleburne,Fort Worth Metro,Tarrant Area Food Bank,"1001 Highland Rd Cleburne, TX 76033","4th Wednesday, 3:30pm-5:30pm",RRULE:FREQ=MONTHLY;BYDAY=4WE,15:30,120,817-857-7100,https://tafb.org/wp-content/uploads/mobile/mobile-pantry-schedule.pdf,None,mobile pantry,TAFB PDF dated 1/9/2023; 120-min duration estimated; confirm current schedule.
Cleburne,Fort Worth Metro,Tarrant Area Food Bank,"1201 W Henderson St Cleburne, TX 76033","2nd Thursday, 11:00am-1:00pm",RRULE:FREQ=MONTHLY;BYDAY=2TH,11:00,120,817-857-7100,https://tafb.org/wp-content/uploads/mobile/mobile-pantry-schedule.pdf,None,mobile pantry,TAFB PDF dated 1/9/2023; 120-min duration estimated; confirm current schedule.
Clifton,Fort Worth Metro,Tarrant Area Food Bank,"1102 N Ave Q Clifton, TX 76634","2nd Wednesday, 1:30pm-3:30pm",RRULE:FREQ=MONTHLY;BYDAY=2WE,13:30,120,817-857-7100,https://tafb.org/wp-content/uploads/mobile/mobile-pantry-schedule.pdf,None,mobile pantry,TAFB PDF dated 1/9/2023; 120-min duration estimated; confirm current schedule.
Cranfills Gap,Fort Worth Metro,Tarrant Area Food Bank,"505 S 2nd St Cranfills Gap, TX 76637","2nd Wednesday, 3:00pm-5:00pm",RRULE:FREQ=MONTHLY;BYDAY=2WE,15:00,120,817-857-7100,https://tafb.org/wp-content/uploads/mobile/mobile-pantry-schedule.pdf,None,mobile pantry,TAFB PDF dated 1/9/2023; 120-min duration estimated; confirm current schedule.
Cresson,Fort Worth Metro,Tarrant Area Food Bank,"18600 US-377 Cresson, TX 76035","4th Tuesday, 5:00pm-7:00pm",RRULE:FREQ=MONTHLY;BYDAY=4TU,17:00,120,817-396-4304,https://tafb.org/wp-content/uploads/mobile/mobile-pantry-schedule.pdf,None,mobile pantry,TAFB PDF dated 1/9/2023; address verified on bearcreek.cc; 120-min duration estimated; confirm schedule.
Crowley,Fort Worth Metro,Tarrant Area Food Bank,"10350 Old Cleburne Crowley Jct, Crowley, TX 76036","1st Saturday, 9:00am-11:00am",RRULE:FREQ=MONTHLY;BYDAY=1SA,9:00,120,817-857-7100,https://tafb.org/wp-content/uploads/mobile/mobile-pantry-schedule.pdf,None,mobile pantry,TAFB PDF dated 1/9/2023; 120-min duration estimated; confirm current schedule.
Crowley,Fort Worth Metro,Tarrant Area Food Bank,"2001 E Main St Crowley, TX 76036","4th Tuesday, 6:00pm-8:00pm",RRULE:FREQ=MONTHLY;BYDAY=4TU,18:00,120,817-857-7100,https://tafb.org/wp-content/uploads/mobile/mobile-pantry-schedule.pdf,None,mobile pantry,TAFB PDF dated 1/9/2023; 120-min duration estimated; confirm current schedule.
Euless,Fort Worth Metro,Tarrant Area Food Bank,"1001 W Ash Ln Euless, TX 76039","3rd Tuesday, 5:00pm-7:00pm",RRULE:FREQ=MONTHLY;BYDAY=3TU,17:00,120,817-857-7100,https://tafb.org/wp-content/uploads/mobile/mobile-pantry-schedule.pdf,None,mobile pantry,TAFB PDF dated 1/9/2023; 120-min duration estimated; confirm current schedule.
Euless,Fort Worth Metro,Tarrant Area Food Bank,"200 E Euless Blvd Euless, TX 76040","1st Wednesday, 5:00pm-7:00pm",RRULE:FREQ=MONTHLY;BYDAY=1WE,17:00,120,817-857-7100,https://tafb.org/wp-content/uploads/mobile/mobile-pantry-schedule.pdf,None,mobile pantry,TAFB PDF dated 1/9/2023; 120-min duration estimated; confirm current schedule.
Fort Worth,Fort Worth Metro,Tarrant Area Food Bank,"1508 Talton Ave Fort Worth, TX 76104","1st Saturday, 11:00am-1:00pm",RRULE:FREQ=MONTHLY;BYDAY=1SA,11:00,120,817-857-7100,https://tafb.org/wp-content/uploads/mobile/mobile-pantry-schedule.pdf,None,mobile pantry,TAFB PDF dated 1/9/2023; 120-min duration estimated; confirm current schedule.
Fort Worth,Fort Worth Metro,Tarrant Area Food Bank,"2401 McCurdy St Fort Worth, TX 76104","3rd Saturday, 9:00am-11:00am",RRULE:FREQ=MONTHLY;BYDAY=3SA,9:00,120,817-857-7100,https://tafb.org/wp-content/uploads/mobile/mobile-pantry-schedule.pdf,None,mobile pantry,TAFB PDF dated 1/9/2023; 120-min duration estimated; confirm current schedule.
Fort Worth,Fort Worth Metro,Tarrant Area Food Bank,"4216 Ave M Fort Worth, TX 76105","4th Thursday, 11:00am-1:00pm",RRULE:FREQ=MONTHLY;BYDAY=4TH,11:00,120,817-857-7100,https://tafb.org/wp-content/uploads/mobile/mobile-pantry-schedule.pdf,None,mobile pantry,TAFB PDF dated 1/9/2023; 120-min duration estimated; confirm current schedule.
Fort Worth,Fort Worth Metro,Tarrant Area Food Bank,"5429 Cox St Fort Worth, TX 76105","2nd Thursday, 10:00am-12:00pm",RRULE:FREQ=MONTHLY;BYDAY=2TH,10:00,120,817-857-7100,https://tafb.org/wp-content/uploads/mobile/mobile-pantry-schedule.pdf,None,mobile pantry,TAFB PDF dated 1/9/2023; 120-min duration estimated; confirm current schedule.
Fort Worth,Fort Worth Metro,Tarrant Area Food Bank,"2801 Miller Ave Fort Worth, TX 76106","2nd Saturday, 1:00pm-3:00pm",RRULE:FREQ=MONTHLY;BYDAY=2SA,13:00,120,817-857-7100,https://tafb.org/wp-content/uploads/mobile/mobile-pantry-schedule.pdf,None,mobile pantry,TAFB PDF dated 1/9/2023; 120-min duration estimated; confirm current schedule.
Fort Worth,Fort Worth Metro,Tarrant Area Food Bank,"4660 Horne St Fort Worth, TX 76107","3rd Friday, 9:00am-11:00am",RRULE:FREQ=MONTHLY;BYDAY=3FR,9:00,120,817-857-7100,https://tafb.org/wp-content/uploads/mobile/mobile-pantry-schedule.pdf,None,mobile pantry,TAFB PDF dated 1/9/2023; 120-min duration estimated; confirm current schedule.
Fort Worth,Fort Worth Metro,Tarrant Area Food Bank,"3001 E 1st St Fort Worth, TX 76111","2nd Saturday, 11:00am-1:00pm",RRULE:FREQ=MONTHLY;BYDAY=2SA,11:00,120,817-857-7100,https://tafb.org/wp-content/uploads/mobile/mobile-pantry-schedule.pdf,None,mobile pantry,TAFB PDF dated 1/9/2023; 120-min duration estimated; confirm current schedule.
Fort Worth,Fort Worth Metro,Tarrant Area Food Bank,"1270 Woodhaven Blvd Fort Worth, TX 76112","1st Saturday, 9:00am-11:00am",RRULE:FREQ=MONTHLY;BYDAY=1SA,9:00,120,817-857-7100,https://tafb.org/wp-content/uploads/mobile/mobile-pantry-schedule.pdf,None,mobile pantry,TAFB PDF dated 1/9/2023; 120-min duration estimated; confirm current schedule.
Fort Worth,Fort Worth Metro,Tarrant Area Food Bank,"5508 Black Oak Ln Fort Worth, TX 76114","2nd Saturday, 8:30am-10:30am",RRULE:FREQ=MONTHLY;BYDAY=2SA,8:30,120,817-857-7100,https://tafb.org/wp-content/uploads/mobile/mobile-pantry-schedule.pdf,None,mobile pantry,TAFB PDF dated 1/9/2023; 120-min duration estimated; confirm current schedule.
Fort Worth,Fort Worth Metro,Tarrant Area Food Bank,"5300 Blackstone Dr Fort Worth, TX 76114","2nd & 4th Friday, 9:00am-11:00am","RRULE:FREQ=MONTHLY;BYDAY=2FR,4FR",9:00,120,817-857-7100,https://tafb.org/wp-content/uploads/mobile/mobile-pantry-schedule.pdf,None,mobile pantry,TAFB PDF dated 1/9/2023; 120-min duration estimated; confirm current schedule.
Fort Worth,Fort Worth Metro,Tarrant Area Food Bank,"5701 Azle Ave Fort Worth, TX 76114","3rd Saturday, 8:00am-10:00am",RRULE:FREQ=MONTHLY;BYDAY=3SA,8:00,120,817-857-7100,https://tafb.org/wp-content/uploads/mobile/mobile-pantry-schedule.pdf,None,mobile pantry,TAFB PDF dated 1/9/2023; 120-min duration estimated; confirm current schedule.
Fort Worth,Fort Worth Metro,Tarrant Area Food Bank,"4270 College Ave Fort Worth, TX 76115","2nd Saturday, 9:00am-11:00am",RRULE:FREQ=MONTHLY;BYDAY=2SA,9:00,120,817-857-7100,https://tafb.org/wp-content/uploads/mobile/mobile-pantry-schedule.pdf,None,mobile pantry,TAFB PDF dated 1/9/2023; 120-min duration estimated; confirm current schedule.
Fort Worth,Fort Worth Metro,Tarrant Area Food Bank,"8201 Calmont Ave Fort Worth, TX 76116","Every Tuesday, 10:00am-12:00pm",RRULE:FREQ=WEEKLY;BYDAY=TU,10:00,120,817-857-7100,https://tafb.org/wp-content/uploads/mobile/mobile-pantry-schedule.pdf,None,mobile pantry,TAFB PDF dated 1/9/2023; 120-min duration estimated; confirm current schedule.
Fort Worth,Fort Worth Metro,Tarrant Area Food Bank,"1758 Green Oaks Rd Fort Worth, TX 76116","3rd Monday, 10:00am-12:00pm",RRULE:FREQ=MONTHLY;BYDAY=3MO,10:00,120,817-857-7100,https://tafb.org/wp-content/uploads/mobile/mobile-pantry-schedule.pdf,None,mobile pantry,TAFB PDF dated 1/9/2023; 120-min duration estimated; confirm current schedule.
Fort Worth,Fort Worth Metro,Tarrant Area Food Bank,"3100 Las Vegas Trail Fort Worth, TX 76116","1st Saturday, 12:00pm-2:00pm",RRULE:FREQ=MONTHLY;BYDAY=1SA,12:00,120,817-857-7100,https://tafb.org/wp-content/uploads/mobile/mobile-pantry-schedule.pdf,None,mobile pantry,TAFB PDF dated 1/9/2023; 120-min duration estimated; confirm current schedule.
Fort Worth,Fort Worth Metro,Tarrant Area Food Bank,"9208 Trammel Davis Rd Fort Worth, TX 76118","3rd Thursday, 5:00pm-7:00pm",RRULE:FREQ=MONTHLY;BYDAY=3TH,17:00,120,817-857-7100,https://tafb.org/wp-content/uploads/mobile/mobile-pantry-schedule.pdf,None,mobile pantry,TAFB PDF dated 1/9/2023; 120-min duration estimated; confirm current schedule.
Fort Worth,Fort Worth Metro,Tarrant Area Food Bank,"4650 Campus Dr Fort Worth, TX 76119","3rd Saturday, 10:30am-12:30pm",RRULE:FREQ=MONTHLY;BYDAY=3SA,10:30,120,817-857-7100,https://tafb.org/wp-content/uploads/mobile/mobile-pantry-schedule.pdf,None,mobile pantry,TAFB PDF dated 1/9/2023; 120-min duration estimated; confirm current schedule.
Fort Worth,Fort Worth Metro,Tarrant Area Food Bank,"4500 Campus Dr Fort Worth, TX 76119","4th Saturday, 9:00am-11:00am",RRULE:FREQ=MONTHLY;BYDAY=4SA,9:00,120,817-857-7100,https://tafb.org/wp-content/uploads/mobile/mobile-pantry-schedule.pdf,None,mobile pantry,TAFB PDF dated 1/9/2023; 120-min duration estimated; confirm current schedule.
Fort Worth,Fort Worth Metro,Tarrant Area Food Bank,"3208 Wilbarger St Fort Worth, TX 76119","4th Tuesday, 9:00am-11:00am",RRULE:FREQ=MONTHLY;BYDAY=4TU,9:00,120,817-857-7100,https://tafb.org/wp-content/uploads/mobile/mobile-pantry-schedule.pdf,None,mobile pantry,TAFB PDF dated 1/9/2023; 120-min duration estimated; confirm current schedule.
Fort Worth,Fort Worth Metro,Tarrant Area Food Bank,"3701 Garden Springs Dr Fort Worth, TX 76123","3rd Tuesday, 5:00pm-7:00pm",RRULE:FREQ=MONTHLY;BYDAY=3TU,17:00,120,817-857-7100,https://tafb.org/wp-content/uploads/mobile/mobile-pantry-schedule.pdf,None,mobile pantry,TAFB PDF dated 1/9/2023; 120-min duration estimated; confirm current schedule.
Fort Worth,Fort Worth Metro,Tarrant Area Food Bank,"3400 Charleston Ave Fort Worth, TX 76123","3rd Thursday, 10:00am-12:00pm",RRULE:FREQ=MONTHLY;BYDAY=3TH,10:00,120,817-857-7100,https://tafb.org/wp-content/uploads/mobile/mobile-pantry-schedule.pdf,None,mobile pantry,TAFB PDF dated 1/9/2023; 120-min duration estimated; confirm current schedule.
Fort Worth,Fort Worth Metro,Tarrant Area Food Bank,"5130 Ben Day Murrin Rd Fort Worth, TX 76126","2nd Tuesday, 11:00am-1:00pm",RRULE:FREQ=MONTHLY;BYDAY=2TU,11:00,120,817-857-7100,https://tafb.org/wp-content/uploads/mobile/mobile-pantry-schedule.pdf,None,mobile pantry,TAFB PDF dated 1/9/2023; 120-min duration estimated; confirm current schedule.
Fort Worth,Fort Worth Metro,Tarrant Area Food Bank,"5701 Westcreek Dr Fort Worth, TX 76133","3rd Saturday, 1:00pm-3:00pm",RRULE:FREQ=MONTHLY;BYDAY=3SA,13:00,120,817-857-7100,https://tafb.org/wp-content/uploads/mobile/mobile-pantry-schedule.pdf,None,mobile pantry,TAFB PDF dated 1/9/2023; 120-min duration estimated; confirm current schedule.
Fort Worth,Fort Worth Metro,Tarrant Area Food Bank,"7051 McCart Ave Fort Worth, TX 76133","2nd Monday, 10:30am-12:30pm",RRULE:FREQ=MONTHLY;BYDAY=2MO,10:30,120,817-857-7100,https://tafb.org/wp-content/uploads/mobile/mobile-pantry-schedule.pdf,None,mobile pantry,TAFB PDF dated 1/9/2023; 120-min duration estimated; confirm current schedule.
Fort Worth,Fort Worth Metro,Tarrant Area Food Bank,"6262 S Freeway Fort Worth, TX 76134","2nd Saturday, 10:00am-12:00pm",RRULE:FREQ=MONTHLY;BYDAY=2SA,10:00,120,817-857-7100,https://tafb.org/wp-content/uploads/mobile/mobile-pantry-schedule.pdf,None,mobile pantry,TAFB PDF dated 1/9/2023; 120-min duration estimated; confirm current schedule.
Fort Worth,Fort Worth Metro,Tarrant Area Food Bank,"7200 Robertson Rd Fort Worth, TX 76135","2nd Thursday, 5:00pm-7:00pm",RRULE:FREQ=MONTHLY;BYDAY=2TH,17:00,120,817-857-7100,https://tafb.org/wp-content/uploads/mobile/mobile-pantry-schedule.pdf,None,mobile pantry,TAFB PDF dated 1/9/2023; 120-min duration estimated; confirm current schedule.
Fort Worth,Fort Worth Metro,Tarrant Area Food Bank,"4805 NE Loop 820 Fort Worth, TX 76137","3rd Wednesday, 5:00pm-7:00pm",RRULE:FREQ=MONTHLY;BYDAY=3WE,17:00,120,817-857-7100,https://tafb.org/wp-content/uploads/mobile/mobile-pantry-schedule.pdf,None,mobile pantry,TAFB PDF dated 1/9/2023; 120-min duration estimated; confirm current schedule.
Fort Worth,Fort Worth Metro,Tarrant Area Food Bank,"1829 Everman Pkwy Fort Worth, TX 76140","3rd Thursday, 9:00am-11:00am",RRULE:FREQ=MONTHLY;BYDAY=3TH,9:00,120,817-857-7100,https://tafb.org/wp-content/uploads/mobile/mobile-pantry-schedule.pdf,None,mobile pantry,TAFB PDF dated 1/9/2023; 120-min duration estimated; confirm current schedule.
Fort Worth,Fort Worth Metro,Tarrant Area Food Bank,"2627 Clinton Ave Fort Worth, TX 76164","3rd Saturday, 11:00am-1:00pm",RRULE:FREQ=MONTHLY;BYDAY=3SA,11:00,120,817-857-7100,https://tafb.org/wp-content/uploads/mobile/mobile-pantry-schedule.pdf,None,mobile pantry,TAFB PDF dated 1/9/2023; 120-min duration estimated; confirm current schedule.
Fort Worth,Fort Worth Metro,Tarrant Area Food Bank,"3000 NW Loop 820 Fort Worth, TX 76179","1st Saturday, 1:00pm-3:00pm",RRULE:FREQ=MONTHLY;BYDAY=1SA,13:00,120,817-857-7100,https://tafb.org/wp-content/uploads/mobile/mobile-pantry-schedule.pdf,None,mobile pantry,TAFB PDF dated 1/9/2023; 120-min duration estimated; confirm current schedule.
Granbury,Fort Worth Metro,Tarrant Area Food Bank,"301 Loop 567 Granbury, TX 76048","1st Friday, 8:30am-10:30am",RRULE:FREQ=MONTHLY;BYDAY=1FR,8:30,120,817-857-7100,https://tafb.org/wp-content/uploads/mobile/mobile-pantry-schedule.pdf,None,mobile pantry,TAFB PDF dated 1/9/2023; 120-min duration estimated; confirm current schedule.
Granbury,Fort Worth Metro,Tarrant Area Food Bank,"3701 Sundown Trail Granbury, TX 76049","4th Thursday, 4:00pm-6:00pm",RRULE:FREQ=MONTHLY;BYDAY=4TH,16:00,120,817-857-7100,https://tafb.org/wp-content/uploads/mobile/mobile-pantry-schedule.pdf,None,mobile pantry,TAFB PDF dated 1/9/2023; 120-min duration estimated; confirm current schedule.
Haltom City,Fort Worth Metro,Tarrant Area Food Bank,"4201 Rita Ln Haltom City, TX 76117","1st Thursday, 5:30pm-7:30pm",RRULE:FREQ=MONTHLY;BYDAY=1TH,17:30,120,817-857-7100,https://tafb.org/wp-content/uploads/mobile/mobile-pantry-schedule.pdf,None,mobile pantry,TAFB PDF dated 1/9/2023; 120-min duration estimated; confirm current schedule.
Hurst,Fort Worth Metro,Tarrant Area Food Bank,"521 W Pipeline Rd Hurst, TX 76053","2nd Friday, 9:00am-11:00am",RRULE:FREQ=MONTHLY;BYDAY=2FR,9:00,120,817-857-7100,https://tafb.org/wp-content/uploads/mobile/mobile-pantry-schedule.pdf,None,mobile pantry,TAFB PDF dated 1/9/2023; 120-min duration estimated; confirm current schedule.
Hurst,Fort Worth Metro,Tarrant Area Food Bank,"824 W Pipeline Rd Hurst, TX 76053","4th Saturday, 9:00am-11:00am",RRULE:FREQ=MONTHLY;BYDAY=4SA,9:00,120,817-857-7100,https://tafb.org/wp-content/uploads/mobile/mobile-pantry-schedule.pdf,None,mobile pantry,TAFB PDF dated 1/9/2023; 120-min duration estimated; confirm current schedule.
Hurst,Fort Worth Metro,Tarrant Area Food Bank,"501 E Pecan St Hurst, TX 76053","1st Tuesday, 5:00pm-7:00pm",RRULE:FREQ=MONTHLY;BYDAY=1TU,17:00,120,817-857-7100,https://tafb.org/wp-content/uploads/mobile/mobile-pantry-schedule.pdf,None,mobile pantry,TAFB PDF dated 1/9/2023; 120-min duration estimated; confirm current schedule.
Joshua,Fort Worth Metro,Tarrant Area Food Bank,"1009 Joshua Station Blvd Joshua, TX 76058","2nd Thursday, 4:00pm-6:00pm",RRULE:FREQ=MONTHLY;BYDAY=2TH,16:00,120,817-857-7100,https://tafb.org/wp-content/uploads/mobile/mobile-pantry-schedule.pdf,None,mobile pantry,TAFB PDF dated 1/9/2023; 120-min duration estimated; confirm current schedule.
Keller,Fort Worth Metro,Tarrant Area Food Bank,"9100 N Beach St Keller, TX 76244","2nd Saturday, 9:00am-11:00am",RRULE:FREQ=MONTHLY;BYDAY=2SA,9:00,120,817-857-7100,https://tafb.org/wp-content/uploads/mobile/mobile-pantry-schedule.pdf,None,mobile pantry,TAFB PDF dated 1/9/2023; 120-min duration estimated; confirm current schedule.
Mansfield,Fort Worth Metro,Tarrant Area Food Bank,"711 E Broad St Mansfield, TX 76063","1st Saturday, 11:00am-1:00pm",RRULE:FREQ=MONTHLY;BYDAY=1SA,11:00,120,817-857-7100,https://tafb.org/wp-content/uploads/mobile/mobile-pantry-schedule.pdf,None,mobile pantry,TAFB PDF dated 1/9/2023; 120-min duration estimated; confirm current schedule.
Maypearl,Fort Worth Metro,Tarrant Area Food Bank,"750 N Main St Maypearl, TX 76064","3rd Saturday, 9:00am-11:00am",RRULE:FREQ=MONTHLY;BYDAY=3SA,9:00,120,972-435-2411,https://tafb.org/wp-content/uploads/mobile/mobile-pantry-schedule.pdf,None,mobile pantry,TAFB PDF dated 1/9/2023; host confirms 750 N Main and 9-11am; confirm current schedule.
North Richland Hills,Fort Worth Metro,Tarrant Area Food Bank,"7912 Main St North Richland Hills, TX 76182","2nd Thursday, 4:00pm-6:00pm",RRULE:FREQ=MONTHLY;BYDAY=2TH,16:00,120,817-857-7100,https://tafb.org/wp-content/uploads/mobile/mobile-pantry-schedule.pdf,None,mobile pantry,TAFB PDF dated 1/9/2023; 120-min duration estimated; confirm current schedule.
Pantego,Fort Worth Metro,Tarrant Area Food Bank,"2117 Roosevelt Dr Pantego, TX 76013","3rd Thursday, 10:00am-12:00pm",RRULE:FREQ=MONTHLY;BYDAY=3TH,10:00,120,817-857-7100,https://tafb.org/wp-content/uploads/mobile/mobile-pantry-schedule.pdf,None,mobile pantry,TAFB PDF dated 1/9/2023; 120-min duration estimated; confirm current schedule.
Springtown,Fort Worth Metro,Tarrant Area Food Bank,"316 Church St Springtown, TX 76082","4th Tuesday, 3:00pm-5:00pm",RRULE:FREQ=MONTHLY;BYDAY=4TU,15:00,120,817-857-7100,https://tafb.org/wp-content/uploads/mobile/mobile-pantry-schedule.pdf,None,mobile pantry,TAFB PDF dated 1/9/2023; 120-min duration estimated; confirm current schedule.
Springtown,Fort Worth Metro,Tarrant Area Food Bank,"7673 W Hwy 199 Springtown, TX 76082","2nd Saturday, 11:00am-1:00pm",RRULE:FREQ=MONTHLY;BYDAY=2SA,11:00,120,817-857-7100,https://tafb.org/wp-content/uploads/mobile/mobile-pantry-schedule.pdf,None,mobile pantry,TAFB PDF dated 1/9/2023; 120-min duration estimated; confirm current schedule.
Venus,Fort Worth Metro,Tarrant Area Food Bank,"12 Bulldog Dr Venus, TX 76084","4th Saturday, 9:00am-11:00am",RRULE:FREQ=MONTHLY;BYDAY=4SA,9:00,120,817-857-7100,https://tafb.org/wp-content/uploads/mobile/mobile-pantry-schedule.pdf,None,mobile pantry,TAFB PDF dated 1/9/2023; 120-min duration estimated; confirm current schedule.
Weatherford,Fort Worth Metro,Tarrant Area Food Bank,"910 N Main St Weatherford, TX 76086","1st Thursday, 3:00pm-5:00pm",RRULE:FREQ=MONTHLY;BYDAY=1TH,15:00,120,817-857-7100,https://tafb.org/wp-content/uploads/mobile/mobile-pantry-schedule.pdf,None,mobile pantry,TAFB PDF dated 1/9/2023; 120-min duration estimated; confirm current schedule.
Weatherford,Fort Worth Metro,Tarrant Area Food Bank,"118 E Oak St Weatherford, TX 76086","3rd Saturday, 9:00am-11:00am",RRULE:FREQ=MONTHLY;BYDAY=3SA,9:00,120,817-857-7100,https://tafb.org/wp-content/uploads/mobile/mobile-pantry-schedule.pdf,None,mobile pantry,TAFB PDF dated 1/9/2023; 120-min duration estimated; confirm current schedule.
Weatherford,Fort Worth Metro,Tarrant Area Food Bank,"242 Harmony Rd Weatherford, TX 76087","3rd Thursday, 5:00pm-7:00pm",RRULE:FREQ=MONTHLY;BYDAY=3TH,17:00,120,817-857-7100,https://tafb.org/wp-content/uploads/mobile/mobile-pantry-schedule.pdf,None,mobile pantry,TAFB PDF dated 1/9/2023; 120-min duration estimated; confirm current schedule.
Weatherford,Fort Worth Metro,Tarrant Area Food Bank,"3500 Zion Hill Rd Weatherford, TX 76088","2nd Saturday, 2:00pm-4:00pm",RRULE:FREQ=MONTHLY;BYDAY=2SA,14:00,120,817-857-7100,https://tafb.org/wp-content/uploads/mobile/mobile-pantry-schedule.pdf,None,mobile pantry,TAFB PDF dated 1/9/2023; 120-min duration estimated; confirm current schedule.
Bay City,Houston Metro,Blessing Hands of Hope,"1618 Grace St, Bay City, TX 77414",Monday and Friday 4:30pm-6:00pm,"RRULE:FREQ=WEEKLY;BYDAY=MO,FR",16:30,90,,https://www.tfbgc.org/food-assistance,Matagorda County,walk-in,Food Bank of the Golden Crescent directory; verify current hours.
Bay City,Houston Metro,Harvest House,"1100 Nichols Ave, Bay City, TX 77414",Wednesday 9:00am-11:30am,RRULE:FREQ=WEEKLY;BYDAY=WE,9:00,150,979-245-0306,https://www.tfbgc.org/food-assistance,Matagorda County,walk-in,Food Bank of the Golden Crescent directory; verify current hours.
Bellville,Houston Metro,St. John Lutheran Church,"520 N Holland St, Bellville, TX 77418",Sunday 4:00pm-until food runs out,RRULE:FREQ=WEEKLY;BYDAY=SU,16:00,120,,https://austincountynewsonline.com/local-meal-and-pantry-programs/,None,hot meal,Local news listing; verify current schedule.
Cleveland,Houston Metro,Operation Refuge Food Pantry,"1625 N. Blair Ave, Cleveland, TX 77327",Monday-Thursday 11:00am-1:30pm,"RRULE:FREQ=MONTHLY;BYDAY=MO,TU,WE,TH",11:00,150,281-592-6701,https://www.lccleveland.com/operation-refuge,Liberty County residents / northern Liberty County,walk-in,Verify current schedule and requirements.
Clute,Houston Metro,Brazoria County Dream Center - Dream Pantry,"794 Brazosport Blvd. S, Clute, TX 77531",Monday 9:00am-11:30am,RRULE:FREQ=WEEKLY;BYDAY=MO,9:00,150,979-388-0280,https://www.bcdreamcenter.org/dream-pantry,Brazoria County residents; documents helpful but not required,walk-in,Brief intake at arrival; verify holidays.
Clute,Houston Metro,Brazoria County Dream Center - Dream Pantry,"794 Brazosport Blvd. S, Clute, TX 77531",Monday 2:00pm-5:45pm,RRULE:FREQ=WEEKLY;BYDAY=MO,14:00,225,979-388-0280,https://www.bcdreamcenter.org/dream-pantry,Brazoria County residents; documents helpful but not required,walk-in,Brief intake at arrival; verify holidays.
Clute,Houston Metro,Brazoria County Dream Center - Dream Pantry,"794 Brazosport Blvd. S, Clute, TX 77531",Wednesday 9:00am-11:30am,RRULE:FREQ=WEEKLY;BYDAY=WE,9:00,150,979-388-0280,https://www.bcdreamcenter.org/dream-pantry,Brazoria County residents; documents helpful but not required,walk-in,Brief intake at arrival; verify holidays.
Clute,Houston Metro,Brazoria County Dream Center - Dream Pantry,"794 Brazosport Blvd. S, Clute, TX 77531",Wednesday 2:00pm-4:00pm,RRULE:FREQ=WEEKLY;BYDAY=WE,14:00,120,979-388-0280,https://www.bcdreamcenter.org/dream-pantry,Brazoria County residents; documents helpful but not required,walk-in,Brief intake at arrival; verify holidays.
Clute,Houston Metro,Brazoria County Dream Center - Dream Pantry,"794 Brazosport Blvd. S, Clute, TX 77531",Thursday 9:00am-11:00am,RRULE:FREQ=WEEKLY;BYDAY=TH,9:00,120,979-388-0280,https://www.bcdreamcenter.org/dream-pantry,Brazoria County residents; documents helpful but not required,walk-in,Brief intake at arrival; verify holidays.
Clute,Houston Metro,Interfaith Food Bank dba The Food Basket,"1 Wesley Drive, Clute, TX 77531",Tuesday and Saturday 8:00am-10:00am,"RRULE:FREQ=WEEKLY;BYDAY=TU,SA",8:00,120,979-388-0024,https://www.interfaithfoodbank.com/,None stated,walk-in,Arrive by 9:30am if new; verify hours.
Columbus,Houston Metro,Food Pantry,"419 Washington St, Columbus, TX 78934",3rd Friday 8:00am-12:00pm,RRULE:FREQ=MONTHLY;BYDAY=3FR,8:00,240,,https://www.tfbgc.org/food-assistance,Colorado County,walk-in,Food Bank of the Golden Crescent directory; verify current hours.
Crystal Beach,Houston Metro,Galveston County Food Bank Mobile Food Distribution,"Bay Vue United Methodist Church, 1411 TX-87, Crystal Beach, TX 77650","1st, 3rd & 4th Tuesday 9:30am-until food is distributed","RRULE:FREQ=MONTHLY;BYDAY=1TU,3TU,4TU",9:30,180,409-945-4232,https://www.galvestoncountyfoodbank.org/find-help/,No ID/documents required; on-site check-in,drive-thru,Pattern from 2025-26 calendars; verify current calendar.
East Bernard,Houston Metro,C.A.R.E. Food Pantry,"219 FM 291, East Bernard, TX 77435",2nd Saturday 8:00am-10:30am,RRULE:FREQ=MONTHLY;BYDAY=2SA,8:00,150,281-881-8585,https://www.tfbgc.org/food-assistance,Wharton County,walk-in,Food Bank of the Golden Crescent directory; verify current hours.
El Campo,Houston Metro,Blessing Cup Storehouse,"507 Bruns, El Campo, TX 77437",Monday and Thursday 9:00am-12:00pm,"RRULE:FREQ=WEEKLY;BYDAY=MO,TH",9:00,180,979-543-8203,https://www.tfbgc.org/food-assistance,Wharton County,walk-in,Food Bank of the Golden Crescent directory; verify current hours.
Galveston,Houston Metro,Galveston County Food Bank Mobile Food Distribution,"St. Patrick’s Church, 1010 35th Street, Galveston, TX 77550",1st Thursday 9:30am-until food is distributed,RRULE:FREQ=MONTHLY;BYDAY=1TH,9:30,180,409-945-4232,https://www.galvestoncountyfoodbank.org/find-help/,No ID/documents required; on-site check-in,drive-thru,Pattern from 2025-26 calendars; verify current calendar.
Galveston,Houston Metro,Galveston County Food Bank Mobile Food Distribution,"New Life Church, 6320 Heards Lane, Galveston, TX 77551",2nd Thursday 8:00am-until food is distributed,RRULE:FREQ=MONTHLY;BYDAY=2TH,8:00,180,409-945-4232,https://www.galvestoncountyfoodbank.org/find-help/,No ID/documents required; on-site check-in,drive-thru,Pattern from 2025-26 calendars; verify current calendar.
Galveston,Houston Metro,Galveston County Food Bank Mobile Food Distribution,"Catholic Charities, 4700 Broadway, Galveston, TX 77550",4th Wednesday 9:00am-until food is distributed,RRULE:FREQ=MONTHLY;BYDAY=4WE,9:00,180,409-945-4232,https://www.galvestoncountyfoodbank.org/find-help/,No ID/documents required; on-site check-in,drive-thru,Pattern from 2025-26 calendars; verify current calendar.
Galveston,Houston Metro,Galveston County Food Bank Mobile Food Distribution,"Moody Methodist Church, 2803 53rd St, Galveston, TX 77551",3rd Monday 5:00pm-until food is distributed,RRULE:FREQ=MONTHLY;BYDAY=3MO,17:00,180,409-945-4232,https://www.galvestoncountyfoodbank.org/find-help/,No ID/documents required; on-site check-in,drive-thru,Pattern from 2025-26 calendars; verify current calendar.
Hitchcock,Houston Metro,Galveston County Food Bank Mobile Food Distribution,"Strong Tower Ministry, 7801 Burns Street, Hitchcock, TX 77563",1st Friday 8:00am-until food is distributed,RRULE:FREQ=MONTHLY;BYDAY=1FR,8:00,180,409-945-4232,https://www.galvestoncountyfoodbank.org/find-help/,No ID/documents required; on-site check-in,drive-thru,Pattern from 2025-26 calendars; verify current calendar.
Houston,Houston Metro,Christian Community Service Center - Emergency Services Central,"3434 Branard St, Houston, TX 77027",Monday-Friday 10:00am-2:00pm,"RRULE:FREQ=WEEKLY;BYDAY=MO,TU,WE,TH,FR",10:00,240,713-871-9741,https://ccschouston.org/services/food-pantry-clothing/,Identification requested but not required; eligible ZIP codes,walk-in,"First-come, first-served; no appointment required."
Houston,Houston Metro,Christian Community Service Center - Emergency Services Central,"3434 Branard St, Houston, TX 77027",Saturday 9:00am-12:00pm,RRULE:FREQ=WEEKLY;BYDAY=SA,9:00,180,713-871-9741,https://ccschouston.org/services/food-pantry-clothing/,Identification requested but not required; eligible ZIP codes,walk-in,"First-come, first-served; no appointment required."
Houston,Houston Metro,Christian Community Service Center - Emergency Services Southwest,"6856 Bellaire Blvd, Houston, TX 77074","Monday, Tuesday, Thursday and Friday 10:00am-1:00pm","RRULE:FREQ=WEEKLY;BYDAY=MO,TU,TH,FR",10:00,180,713-871-9741,https://ccschouston.org/services/food-pantry-clothing/,Identification requested but not required; eligible ZIP codes,walk-in,"First-come, first-served; no appointment required."
Houston,Houston Metro,Christian Community Service Center - Emergency Services Southwest,"6856 Bellaire Blvd, Houston, TX 77074",Saturday 9:00am-12:00pm,RRULE:FREQ=WEEKLY;BYDAY=SA,9:00,180,713-871-9741,https://ccschouston.org/services/food-pantry-clothing/,Identification requested but not required; eligible ZIP codes,walk-in,"First-come, first-served; no appointment required."
Houston,Houston Metro,Heights Interfaith Ministries Food Pantry,"3523 Beauchamp, Houston, TX 77009",Thursday 4:00pm-6:00pm or sellout,RRULE:FREQ=WEEKLY;BYDAY=TH,16:00,120,713-861-6155,https://himfoodpantry.org/receive-food/,Houston-area resident; photo ID and address document,walk-in,Once per 30 days; closes at sellout.
Houston,Houston Metro,Heights Interfaith Ministries Food Pantry,"3523 Beauchamp, Houston, TX 77009",Saturday 10:00am-12:00pm or sellout,RRULE:FREQ=WEEKLY;BYDAY=SA,10:00,120,713-861-6155,https://himfoodpantry.org/receive-food/,Houston-area resident; photo ID and address document,walk-in,Once per 30 days; closes at sellout.
Houston,Houston Metro,Living Word Fellowship Church,"4333 W. Little York Rd, Houston, TX 77091",Tuesday and Wednesday 8:30am-11:00am,"RRULE:FREQ=WEEKLY;BYDAY=TU,WE",8:30,150,,https://www.facebook.com/LWFCHouston/posts/food-distribution-every-week-830am-11am-tuesday-wednesday-830am-11am-thursdays-s/1388421349978929/,None stated,walk-in,Public Facebook schedule; verify current hours.
Houston,Houston Metro,St. Monica Catholic Church Food Pantry,"8421 W. Montgomery Road, Houston, TX 77088",Tuesday and Thursday 8:00am-12:00pm,"RRULE:FREQ=WEEKLY;BYDAY=TU,TH",8:00,240,281-447-3212,https://www.stmonicafoodpantry.com/about,Photo ID/address may be requested; no appointment for food pantry,walk-in,Starting May 2026 schedule; verify.
Houston,Houston Metro,St. Monica Catholic Church Food Pantry,"8421 W. Montgomery Road, Houston, TX 77088",1st Friday 8:00am-until completion,RRULE:FREQ=MONTHLY;BYDAY=1FR,8:00,240,281-447-3212,https://www.stmonicafoodpantry.com/about,Photo ID/address may be requested; no appointment for food pantry,drive-thru,Starting May 2026 schedule; verify.
Houston,Houston Metro,St. Monica Catholic Church Food Pantry,"8421 W. Montgomery Road, Houston, TX 77088",3rd Saturday 9:00am-11:00am,RRULE:FREQ=MONTHLY;BYDAY=3SA,9:00,120,281-447-3212,https://www.stmonicafoodpantry.com/about,Photo ID/address may be requested; no appointment for food pantry,walk-in,Starting May 2026 schedule; verify.
La Marque,Houston Metro,Galveston County Food Bank Mobile Food Distribution,"Abundant Life, 601 Delaney Rd, La Marque, TX 77568",Thursdays 10:00am-until food is distributed,RRULE:FREQ=WEEKLY;BYDAY=TH,10:00,180,409-945-4232,https://www.galvestoncountyfoodbank.org/find-help/,No ID/documents required; on-site check-in,drive-thru,Pattern from 2025-26 calendars; verify current calendar.
Liberty,Houston Metro,Liberty Church of Christ Food Bank,"3201 North Main Street, Liberty, TX 77575",1st Tuesday and 3rd Thursday 9:00am-11:00am,"RRULE:FREQ=WEEKLY;BYDAY=1TU,3TH",9:00,120,936-336-2213,https://libertycofc.org/ministries/food-bank/,Liberty County,drive-thru,Verify current schedule and requirements.
Liberty,Houston Metro,Spirit of Sharing,"2521 Beaumont Avenue, Liberty, TX 77575","Monday, Wednesday and Friday 10:00am-3:00pm","RRULE:FREQ=WEEKLY;BYDAY=MO,WE,FR",10:00,300,936-336-6602,https://www.gcfaflcio.org/food-resources,Liberty County,walk-in,Verify current schedule and requirements.
Mont Belvieu,Houston Metro,West Chambers County Food Pantry,"10629 Eagle Dr, Mont Belvieu, TX 77523",Wednesday 9:00am-11:00am,RRULE:FREQ=WEEKLY;BYDAY=WE,9:00,120,281-576-1832,https://www.montbelvieumethodist.org/food-pantry,West Chambers County residents; others one-time visit,drive-thru,Remain in vehicle; once every four weeks for residents.
Palacios,Houston Metro,The Robert Duran Food Pantry,"1001 6th Street, Palacios, TX 77465",Tuesday 8:00am-11:00am,RRULE:FREQ=WEEKLY;BYDAY=TU,8:00,180,361-972-5236,https://www.tfbgc.org/food-assistance,Matagorda County,walk-in,Food Bank of the Golden Crescent directory; verify current hours.
Richmond,Houston Metro,Mamie George Community Center - Community Food Distribution,"1111 Collins Road, Richmond, TX 77469",Tuesday 4:30pm-6:30pm,RRULE:FREQ=WEEKLY;BYDAY=TU,16:30,120,281-202-6200,https://catholiccharities.org/food/,None stated; distribution is for all in need,drive-thru,No appointment necessary per center page.
Richmond,Houston Metro,Mamie George Community Center - Community Food Distribution,"1111 Collins Road, Richmond, TX 77469",Thursday 8:30am-11:30am,RRULE:FREQ=WEEKLY;BYDAY=TH,8:30,180,281-202-6200,https://catholiccharities.org/food/,None stated; distribution is for all in need,drive-thru,No appointment necessary per center page.
Richmond,Houston Metro,Rosenberg-Richmond Helping Hands,"902 Collins Rd, Richmond, TX 77469",Monday-Thursday 9:30am-1:30pm,"RRULE:FREQ=WEEKLY;BYDAY=MO,TU,WE,TH",9:30,240,281-232-4904,https://roserichhelpinghands.org/contact/,West Fort Bend County / covered ZIP codes; arrive by noon for new clients,walk-in,No appointment listed; verify covered ZIPs.
Stafford,Houston Metro,East Fort Bend Human Needs Ministry,"435 Stafford Run Rd, Stafford, TX 77477","Tuesday, Thursday and Friday 10:00am-12:30pm","RRULE:FREQ=WEEKLY;BYDAY=TU,TH,FR",10:00,150,281-261-1006,https://www.humanneeds.org/contact-us,East Fort Bend County residents,walk-in,Verify select Wednesday evening dates.
Texas City,Houston Metro,Galveston County Food Bank Mobile Food Distribution,"Northside Baptist Church, 2801 N Logan St, Texas City, TX 77590",3rd Friday 8:00am-until food is distributed,RRULE:FREQ=MONTHLY;BYDAY=3FR,8:00,180,409-945-4232,https://www.galvestoncountyfoodbank.org/find-help/,No ID/documents required; on-site check-in,drive-thru,Pattern from 2025-26 calendars; verify current calendar.
Texas City,Houston Metro,Galveston County Food Bank On Site Pantry,"624 4th Ave N, Texas City, TX 77590",Tuesday-Thursday 9:00am-3:00pm,"RRULE:FREQ=WEEKLY;BYDAY=TU,WE,TH",9:00,360,409-945-4232,https://www.galvestoncountyfoodbank.org/find-help/,Galveston County; TEFAP eligibility,walk-in,Call ahead; hours may change.
Texas City,Houston Metro,Galveston County Food Bank On Site Pantry,"624 4th Ave N, Texas City, TX 77590",Friday 9:00am-2:00pm,RRULE:FREQ=WEEKLY;BYDAY=FR,9:00,300,409-945-4232,https://www.galvestoncountyfoodbank.org/find-help/,Galveston County; TEFAP eligibility,walk-in,Call ahead; hours may change.
The Woodlands,Houston Metro,St. Anthony’s Bread Food Pantry,"7985 Bay Branch Dr, The Woodlands, TX 77382",Tuesday 8:00am-10:00am,RRULE:FREQ=WEEKLY;BYDAY=TU,8:00,120,281-419-8700,https://www.ap.church/need-help/food-pantry,Montgomery County ZIP codes; ID or utility bill first visit; 14-day spacing,walk-in,Closes early when food runs out.
The Woodlands,Houston Metro,St. Anthony’s Bread Food Pantry,"7985 Bay Branch Dr, The Woodlands, TX 77382",Thursday 8:00am-10:00am,RRULE:FREQ=WEEKLY;BYDAY=TH,8:00,120,281-419-8700,https://www.ap.church/need-help/food-pantry,Montgomery County ZIP codes; ID or utility bill first visit; 14-day spacing,walk-in,Closes early when food runs out.
The Woodlands,Houston Metro,St. Anthony’s Bread Food Pantry,"7985 Bay Branch Dr, The Woodlands, TX 77382",Saturday 8:00am-10:00am,RRULE:FREQ=WEEKLY;BYDAY=SA,8:00,120,281-419-8700,https://www.ap.church/need-help/food-pantry,Montgomery County ZIP codes; ID or utility bill first visit; 14-day spacing,walk-in,Closes early when food runs out.
Weimar,Houston Metro,Consider Love Food Pantry,"504 Park Dr, Weimar, TX 78962",4th Thursday 9:00am-11:00am,RRULE:FREQ=MONTHLY;BYDAY=4TH,9:00,120,512-921-2289,https://www.tfbgc.org/food-assistance,Colorado County,walk-in,Food Bank of the Golden Crescent directory; verify current hours.
Wharton,Houston Metro,"SHARE, Wharton County Interfaith Coalition","229 W. Milam Street, Wharton, TX 77488",Thursday 9:00am-1:00pm,RRULE:FREQ=WEEKLY;BYDAY=TH,9:00,240,979-282-2021,https://www.tfbgc.org/food-assistance,Wharton County,walk-in,Food Bank of the Golden Crescent directory; verify current hours.
Bonham,North Central Texas,Calvary Baptist Church – Manna House Food Pantry,"914 S 5th St, Bonham, TX 75418","Tuesday, 1:00pm-5:00pm",RRULE:FREQ=WEEKLY;BYDAY=TU,13:00,240,903-583-7056,https://www.cbcbonham.org/manna-house,Photo ID at check-in; drive-up first-come; limited delivery,drive-thru,Stay in car until called.
Bonham,North Central Texas,Feeding Fannin Mobile Pantry – Bonham,"700 FM 87, Bonham, TX 75418","3rd Wednesday, 9:00am-11:00am",RRULE:FREQ=MONTHLY;BYDAY=3WE,9:00,120,903-583-3663,https://feedingfannin.org/mobile-pantry/,"No registration; first-come; share name, family size and resident ZIP",mobile pantry,Holiday dates may be postponed.
Bridgeport,North Central Texas,Tarrant Area Food Bank,"608 17th St Bridgeport, TX 76426","2nd Thursday, 8:00am-10:00am",RRULE:FREQ=MONTHLY;BYDAY=2TH,8:00,120,817-857-7100,https://tafb.org/wp-content/uploads/mobile/mobile-pantry-schedule.pdf,None,mobile pantry,TAFB PDF dated 1/9/2023; 120-min duration estimated; confirm current schedule.
Chico,North Central Texas,Tarrant Area Food Bank,"306 N Hwy 101 Chico, TX 76431","4th Thursday, 3:30pm-5:30pm",RRULE:FREQ=MONTHLY;BYDAY=4TH,15:30,120,817-857-7100,https://tafb.org/wp-content/uploads/mobile/mobile-pantry-schedule.pdf,None,mobile pantry,TAFB PDF dated 1/9/2023; 120-min duration estimated; confirm current schedule.
Corsicana,North Central Texas,Catholic Charities Dallas – Immaculate Conception,"3000 TX-22, Corsicana, TX 75110","Monthly; dates vary, 1:00pm",RRULE:FREQ=MONTHLY,13:00,120,866-223-7500,https://www.ccdallas.org/services/food-services/,"No registration; first-come; vehicle; share name, household size and resident ZIP",mobile pantry,Dates vary; verify current monthly schedule.
Corsicana,North Central Texas,Compassion Corsicana Drive-through Food Pantry,"517 N Commerce St, Corsicana, TX 75110","Monday, Wednesday, Thursday & Friday, 9:00am-4:00pm","RRULE:FREQ=WEEKLY;BYDAY=MO,WE,TH,FR",9:00,420,903-874-4971,https://www.compassioncorsicana.org/programs,Food pantry ID or state ID; apply online or in person at main office; Navarro County,drive-thru,Closed 12:00-1:00pm; produce weekly.
Corsicana,North Central Texas,Compassion Corsicana Drive-through Food Pantry,"517 N Commerce St, Corsicana, TX 75110","Tuesday, 1:00pm-4:00pm",RRULE:FREQ=WEEKLY;BYDAY=TU,13:00,180,903-874-4971,https://www.compassioncorsicana.org/programs,Food pantry ID or state ID; apply online or in person at main office; Navarro County,drive-thru,Must complete pantry application in person/online.
Decatur,North Central Texas,Tarrant Area Food Bank,"104 S Miller St Decatur, TX 76234","1st Saturday, 8:00am-10:00am",RRULE:FREQ=MONTHLY;BYDAY=1SA,8:00,120,817-857-7100,https://tafb.org/wp-content/uploads/mobile/mobile-pantry-schedule.pdf,None,mobile pantry,TAFB PDF dated 1/9/2023; 120-min duration estimated; confirm current schedule.
Denison,North Central Texas,Barnabas Center Food Pantry,"2800 S Mirick Ave, Denison, TX 75020","1st & 3rd Wednesday, 9:00am-11:00am","RRULE:FREQ=MONTHLY;BYDAY=1WE,3WE",9:00,120,903-462-0094,https://pacoc.net/ministries/barnabas-center,Call to confirm current requirements,walk-in,Monthly schedule.
Denison,North Central Texas,Barnabas Center Food Pantry,"2800 S Mirick Ave, Denison, TX 75020","1st & 3rd Thursday, 9:00am-11:00am and 4:00pm-6:00pm","RRULE:FREQ=MONTHLY;BYDAY=1TH,3TH",9:00,540,903-462-0094,https://pacoc.net/ministries/barnabas-center,Call to confirm current requirements,walk-in,Split morning/evening hours.
Denison,North Central Texas,Catholic Charities Dallas – St. Patrick’s Church Mobile Distribution,"401 N Rusk St, Denison, TX 75020","3rd Wednesday, 10:00am-12:00pm",RRULE:FREQ=MONTHLY;BYDAY=3WE,10:00,120,866-223-7500,https://www.ccdallas.org/services/food-services/,"No registration; first-come; vehicle; share name, household size and resident ZIP",mobile pantry,Dates may change; verify monthly schedule.
Denison,North Central Texas,Denison Helping Hands Food Pantry,"418 W Chestnut St, Denison, TX 75020","Monday, Wednesday & Friday, 9:00am-12:00pm","RRULE:FREQ=WEEKLY;BYDAY=MO,WE,FR",9:00,180,903-465-5101,https://cfgcenter.org/resources/basic-needs/food-assistance.html,Denison residents; one-time help to others,walk-in,Service area restriction applies.
Denison,North Central Texas,Grayson College Mobile Food Distribution,"6101 FM 691, Denison, TX 75020","4th Wednesday, 9:30am-12:30pm",RRULE:FREQ=MONTHLY;BYDAY=4WE,9:30,180,214-330-1396,https://ntfb.org/food-assistance/mobile-pantry/,Open to public; no registration; first-come; vehicle; share family size/ZIP,drive-thru,Food bank drive-through; verify current schedule.
Denison,North Central Texas,North Texas Food Bank / Grayson College,"6101 Grayson Dr Denison, TX 75020","4th Wednesday, 9:00am-12:30pm",RRULE:FREQ=MONTHLY;BYDAY=4WE,9:00,210,214-330-1396,https://ntfb.org/food-assistance/mobile-pantry/,Vehicle; share family size; no registration,drive-thru,Food pantry next to water tower during construction.
Denison,North Central Texas,St. Luke’s Episcopal Church Hot Meal,"306 N Fannin St, Denison, TX 75020","Saturday, 5:00pm-6:00pm",RRULE:FREQ=WEEKLY;BYDAY=SA,17:00,60,903-465-2630,https://cfgcenter.org/resources/basic-needs/food-assistance.html,All welcome; no proof of income,hot meal,3–4 course meal.
Denison,North Central Texas,St. Luke’s Food Pantry,"306 N Fannin St, Denison, TX 75020","Monday, Wednesday & Friday, 9:00am-12:00pm","RRULE:FREQ=WEEKLY;BYDAY=MO,WE,FR",9:00,180,903-465-2630,https://cfgcenter.org/resources/basic-needs/food-assistance.html,Call to confirm current requirements,walk-in,Pantry adjacent to church.
Electra,North Central Texas,Wichita Falls Area Food Bank,"501 E Roosevelt Ave Electra, TX 76360","2nd Thursday, 11:00am-1:00pm",RRULE:FREQ=MONTHLY;BYDAY=2TH,11:00,120,940-766-2322,https://www.wfafb.org/_files/ugd/6df2c9_2c2813416bc540e79ce23fedeff71a14.pdf,None,mobile pantry,WFAFB listing revised 6/27/2023; confirm schedule.
Gainesville,North Central Texas,Tarrant Area Food Bank,"3332 N Grand Gainesville, TX 76240","2nd Saturday, 3:00pm-5:00pm",RRULE:FREQ=MONTHLY;BYDAY=2SA,15:00,120,817-857-7100,https://tafb.org/wp-content/uploads/mobile/mobile-pantry-schedule.pdf,None,mobile pantry,TAFB PDF dated 1/9/2023; 120-min duration estimated; confirm current schedule.
Glen Rose,North Central Texas,Tarrant Area Food Bank,"3184 FM 202 Glen Rose, TX 76043","4th Saturday, 11:00am-1:00pm",RRULE:FREQ=MONTHLY;BYDAY=4SA,11:00,120,817-857-7100,https://tafb.org/wp-content/uploads/mobile/mobile-pantry-schedule.pdf,None,mobile pantry,TAFB PDF dated 1/9/2023; 120-min duration estimated; confirm current schedule.
Greenville,North Central Texas,Hunt County Shared Ministries (FISH) Food Pantry,"2805 King St, Greenville, TX 75401","Monday-Wednesday & Friday, 9:00am-12:00pm","RRULE:FREQ=WEEKLY;BYDAY=MO,TU,WE,FR",9:00,180,903-455-0545,https://hcsmfish.org/get-help/,Hunt County resident; show up/food assistance once every 30 days; application can be completed onsite,walk-in,Call on arrival or come inside if no phone.
Greenville,North Central Texas,Hunt County Shared Ministries Weekly Produce Distribution,"2825 Oneal St, Greenville, TX 75401","Most Thursdays, about 10:30am",RRULE:FREQ=WEEKLY;BYDAY=TH,10:30,120,903-455-0545,https://hcsmfish.org/get-help/,Anyone; no application or documents needed; weather permitting,drive-thru,Schedule may change for weather.
Henrietta,North Central Texas,Wichita Falls Area Food Bank,"101 S Burnett St Henrietta, TX 76365","Last Monday, 6:00pm-7:00pm",RRULE:FREQ=MONTHLY;BYDAY=-1MO,18:00,60,940-766-2322,https://www.wfafb.org/_files/ugd/6df2c9_2c2813416bc540e79ce23fedeff71a14.pdf,Clay County residents,mobile pantry,WFAFB listing revised 6/27/2023; confirm schedule.
Hillsboro,North Central Texas,Tarrant Area Food Bank,"1100 Old Bynum Rd Hillsboro, TX 76645","2nd Saturday, 1:00pm-3:00pm",RRULE:FREQ=MONTHLY;BYDAY=2SA,13:00,120,817-857-7100,https://tafb.org/wp-content/uploads/mobile/mobile-pantry-schedule.pdf,None,mobile pantry,TAFB PDF dated 1/9/2023; 120-min duration estimated; confirm current schedule.
Hillsboro,North Central Texas,Tarrant Area Food Bank,"220 Duncan St Hillsboro, TX 76645","3rd Saturday, 9:00am-11:00am",RRULE:FREQ=MONTHLY;BYDAY=3SA,9:00,120,817-857-7100,https://tafb.org/wp-content/uploads/mobile/mobile-pantry-schedule.pdf,None,mobile pantry,TAFB PDF dated 1/9/2023; 120-min duration estimated; confirm current schedule.
Hubbard,North Central Texas,Tarrant Area Food Bank,"501 Davis St Hubbard, TX 76648","3rd Saturday, 11:30am-1:30pm",RRULE:FREQ=MONTHLY;BYDAY=3SA,11:30,120,817-857-7100,https://tafb.org/wp-content/uploads/mobile/mobile-pantry-schedule.pdf,None,mobile pantry,TAFB PDF dated 1/9/2023; 120-min duration estimated; confirm current schedule.
Iowa Park,North Central Texas,Wichita Falls Area Food Bank,"201 E Bank St Iowa Park, TX 76367","4th Thursday, 4:00pm-5:00pm",RRULE:FREQ=MONTHLY;BYDAY=4TH,16:00,60,940-766-2322,https://www.wfafb.org/_files/ugd/6df2c9_2c2813416bc540e79ce23fedeff71a14.pdf,Iowa Park residents,mobile pantry,WFAFB listing revised 6/27/2023; confirm schedule.
Itasca,North Central Texas,Tarrant Area Food Bank,"120 W Marrion St Itasca, TX 76055","3rd Saturday, 9:30am-11:30am",RRULE:FREQ=MONTHLY;BYDAY=3SA,9:30,120,817-857-7100,https://tafb.org/wp-content/uploads/mobile/mobile-pantry-schedule.pdf,None,mobile pantry,TAFB PDF dated 1/9/2023; 120-min duration estimated; confirm current schedule.
Ladonia,North Central Texas,Feeding Fannin Mobile Pantry – Ladonia,"100 Center Plaza, Ladonia, TX 75449","1st Tuesday, 9:00am-11:00am",RRULE:FREQ=MONTHLY;BYDAY=1TU,9:00,120,903-583-3663,https://feedingfannin.org/mobile-pantry/,"No registration; first-come; share name, family size and resident ZIP",mobile pantry,Holiday dates may be postponed.
Meridian,North Central Texas,Tarrant Area Food Bank,"500 Yellow Jacket Dr Meridian, TX 76665","2nd Wednesday, 10:00am-12:00pm",RRULE:FREQ=MONTHLY;BYDAY=2WE,10:00,120,817-857-7100,https://tafb.org/wp-content/uploads/mobile/mobile-pantry-schedule.pdf,None,mobile pantry,TAFB PDF dated 1/9/2023; 120-min duration estimated; confirm current schedule.
Morgan,North Central Texas,Tarrant Area Food Bank,"905 Mary St Morgan, TX 76671","4th Wednesday, 10:00am-12:00pm",RRULE:FREQ=MONTHLY;BYDAY=4WE,10:00,120,817-857-7100,https://tafb.org/wp-content/uploads/mobile/mobile-pantry-schedule.pdf,None,mobile pantry,TAFB PDF dated 1/9/2023; 120-min duration estimated; confirm current schedule.
Muenster,North Central Texas,Tarrant Area Food Bank,"136 S Ash St Muenster, TX 76252","3rd Wednesday, 5:00pm-7:00pm",RRULE:FREQ=MONTHLY;BYDAY=3WE,17:00,120,817-857-7100,https://tafb.org/wp-content/uploads/mobile/mobile-pantry-schedule.pdf,None,mobile pantry,TAFB PDF dated 1/9/2023; 120-min duration estimated; confirm current schedule.
Sherman,North Central Texas,Catholic Charities Dallas – St. Mary’s/St. Anne’s,"727 S Travis St, Sherman, TX 75090","Monthly; dates vary, 1:00pm",RRULE:FREQ=MONTHLY,13:00,120,866-223-7500,https://www.ccdallas.org/services/food-services/,"No registration; first-come; vehicle; share name, household size and resident ZIP",mobile pantry,Dates vary; verify current monthly schedule.
Sherman,North Central Texas,Catholic Charities Dallas – St. Mary’s/St. Anne’s Mobile Pantry,"727 S Travis St, Sherman, TX 75090","2nd Wednesday, 1:00pm-2:00pm",RRULE:FREQ=MONTHLY;BYDAY=2WE,13:00,60,866-223-7500,https://www.ccdallas.org/services/food-services/,"No registration; first-come; vehicle; share name, household size and resident ZIP",mobile pantry,Dates may change; verify monthly schedule.
Sherman,North Central Texas,Catholic Charities Dallas – St. Mary’s/St. Anne’s Mobile Pantry,"727 S Travis St, Sherman, TX 75090","4th Tuesday, 9:00am-10:30am",RRULE:FREQ=MONTHLY;BYDAY=4TU,9:00,90,866-223-7500,https://www.ccdallas.org/services/food-services/,"No registration; first-come; vehicle; share name, household size and resident ZIP",mobile pantry,Dates may change; verify monthly schedule.
Sherman,North Central Texas,Grand Central Station – Market Depot,"619 E Houston St, Sherman, TX 75090","Monday, Wednesday & Friday, 1:00pm-4:00pm","RRULE:FREQ=WEEKLY;BYDAY=MO,WE,FR",13:00,180,903-957-0264,https://grandcentralsherman.com/programs/,Call to confirm current intake requirements,walk-in,Food pantry/market depot.
Sherman,North Central Texas,Grand Central Station – The Dining Car,"619 E Houston St, Sherman, TX 75090","Monday-Friday, 9:00am-10:00am","RRULE:FREQ=WEEKLY;BYDAY=MO,TU,WE,TH,FR",9:00,60,903-957-0264,https://grandcentralsherman.com/programs/,None stated; community meal,hot meal,Soup kitchen service.
Sherman,North Central Texas,Grand Central Station – The Dining Car,"619 E Houston St, Sherman, TX 75090","Monday-Friday, 10:45am-12:45pm","RRULE:FREQ=WEEKLY;BYDAY=MO,TU,WE,TH,FR",10:45,120,903-957-0264,https://grandcentralsherman.com/programs/,None stated; community meal,hot meal,Soup kitchen service.
Sherman,North Central Texas,Salvation Army Sherman Food Pantry,"5700 Texoma Pkwy, Sherman, TX 75090","Monday & Wednesday, 9:00am-12:00pm and 1:30pm-3:00pm","RRULE:FREQ=WEEKLY;BYDAY=MO,WE",9:00,330,,https://www.salvationarmyntx.org/,Call to confirm service area and walk-in requirements,walk-in,Directory/news schedule; verify current.
Sherman,North Central Texas,Share Ministries,"820 E Houston St, Sherman, TX 75090","Tuesday & Thursday, 9:00am-11:00am","RRULE:FREQ=WEEKLY;BYDAY=TU,TH",9:00,120,903-893-7097,https://shareministriessherman.org/our-location/,Open to anyone with need; photo ID and proof of address first registration,walk-in,Public distribution.
Sulphur Springs,North Central Texas,Hopkins County Community Cupboard,"217 Linda Dr, Sulphur Springs, TX 75482","Tuesday & Thursday, 8:00am-11:00am and 1:00pm-3:00pm","RRULE:FREQ=WEEKLY;BYDAY=TU,TH",8:00,420,903-885-3452,https://www.hopkinscountycommunity.org/,Call or visit; Hopkins County assistance,walk-in,Split morning/afternoon hours.
Valley Mills,North Central Texas,Tarrant Area Food Bank,"306 N 4th St Valley Mills, TX 76689","2nd Thursday, 9:00am-11:00am",RRULE:FREQ=MONTHLY;BYDAY=2TH,9:00,120,817-857-7100,https://tafb.org/wp-content/uploads/mobile/mobile-pantry-schedule.pdf,None,mobile pantry,TAFB PDF dated 1/9/2023; 120-min duration estimated; confirm current schedule.
Valley Mills,North Central Texas,Tarrant Area Food Bank,"306 N 4th St Valley Mills, TX 76689","4th Wednesday, 9:00am-11:00am",RRULE:FREQ=MONTHLY;BYDAY=4WE,9:00,120,817-857-7100,https://tafb.org/wp-content/uploads/mobile/mobile-pantry-schedule.pdf,None,mobile pantry,TAFB PDF dated 1/9/2023; 120-min duration estimated; confirm current schedule.
Valley View,North Central Texas,Tarrant Area Food Bank,"100 Cumberland Trail Valley View, TX 76272","2nd Saturday, 12:00pm-2:00pm",RRULE:FREQ=MONTHLY;BYDAY=2SA,12:00,120,817-857-7100,https://tafb.org/wp-content/uploads/mobile/mobile-pantry-schedule.pdf,None,mobile pantry,TAFB PDF dated 1/9/2023; 120-min duration estimated; confirm current schedule.
Walnut Springs,North Central Texas,Tarrant Area Food Bank,"4167 3rd St Walnut Springs, TX 76690","2nd Wednesday, 1:00pm-3:00pm",RRULE:FREQ=MONTHLY;BYDAY=2WE,13:00,120,817-857-7100,https://tafb.org/wp-content/uploads/mobile/mobile-pantry-schedule.pdf,None,mobile pantry,TAFB PDF dated 1/9/2023; 120-min duration estimated; confirm current schedule.
Wichita Falls,North Central Texas,Wichita Falls Area Food Bank,"1530 MLK Blvd Wichita Falls, TX 76301","4th Tuesday, 2:30pm-4:00pm",RRULE:FREQ=MONTHLY;BYDAY=4TU,14:30,90,940-766-2322,https://www.wfafb.org/_files/ugd/6df2c9_2c2813416bc540e79ce23fedeff71a14.pdf,None,mobile pantry,WFAFB listing revised 6/27/2023; confirm schedule.
Wichita Falls,North Central Texas,Wichita Falls Area Food Bank,"1420 TX-Loop 11 Wichita Falls, TX 76306","3rd Tuesday, 9:30am-11:30am",RRULE:FREQ=MONTHLY;BYDAY=3TU,9:30,120,940-766-2322,https://www.wfafb.org/_files/ugd/6df2c9_2c2813416bc540e79ce23fedeff71a14.pdf,None,mobile pantry,WFAFB listing revised 6/27/2023; confirm schedule.
Wichita Falls,North Central Texas,Wichita Falls Area Food Bank,"115 E Wichita St Wichita Falls, TX 76301","4th Wednesday, 1:00pm-3:00pm",RRULE:FREQ=MONTHLY;BYDAY=4WE,13:00,120,940-766-2322,https://www.wfafb.org/_files/ugd/6df2c9_2c2813416bc540e79ce23fedeff71a14.pdf,None,mobile pantry,WFAFB listing revised 6/27/2023; confirm schedule.
Wichita Falls,North Central Texas,Wichita Falls Area Food Bank,"400 Burnett St Wichita Falls, TX 76301","3rd Wednesday, 10:00am-12:00pm",RRULE:FREQ=MONTHLY;BYDAY=3WE,10:00,120,940-766-2322,https://www.wfafb.org/_files/ugd/6df2c9_2c2813416bc540e79ce23fedeff71a14.pdf,None,mobile pantry,WFAFB listing revised 6/27/2023; confirm schedule.
Wichita Falls,North Central Texas,Wichita Falls Area Food Bank,"4300 Maplewood Ave Wichita Falls, TX 76308","1st & 3rd Thursday, 4:00pm-6:00pm","RRULE:FREQ=MONTHLY;BYDAY=1TH,3TH",16:00,120,940-766-2322,https://www.wfafb.org/_files/ugd/6df2c9_2c2813416bc540e79ce23fedeff71a14.pdf,None,mobile pantry,WFAFB listing revised 6/27/2023; confirm schedule.
Wichita Falls,North Central Texas,Wichita Falls Area Food Bank,"5205 Fairway Blvd Wichita Falls, TX 76310","1st Thursday, 5:00pm-6:30pm",RRULE:FREQ=MONTHLY;BYDAY=1TH,17:00,90,940-766-2322,https://www.wfafb.org/_files/ugd/6df2c9_2c2813416bc540e79ce23fedeff71a14.pdf,None,mobile pantry,WFAFB listing revised 6/27/2023; confirm schedule.
Wichita Falls,North Central Texas,Wichita Falls Area Food Bank,"3400 Old Iowa Park Rd Wichita Falls, TX 76302","2nd Thursday, 2:00pm-4:00pm",RRULE:FREQ=MONTHLY;BYDAY=2TH,14:00,120,940-766-2322,https://www.wfafb.org/_files/ugd/6df2c9_2c2813416bc540e79ce23fedeff71a14.pdf,None,mobile pantry,WFAFB listing revised 6/27/2023; confirm schedule.
Wichita Falls,North Central Texas,Wichita Falls Area Food Bank,"809 Harding St Wichita Falls, TX 76301","3rd Friday, 2:30pm-4:00pm",RRULE:FREQ=MONTHLY;BYDAY=3FR,14:30,90,940-766-2322,https://www.wfafb.org/_files/ugd/6df2c9_2c2813416bc540e79ce23fedeff71a14.pdf,None,mobile pantry,WFAFB listing revised 6/27/2023; confirm schedule.
Wichita Falls,North Central Texas,Wichita Falls Area Food Bank,"3800 Barnett Rd Wichita Falls, TX 76310","3rd Saturday, 8:30am-10:30am",RRULE:FREQ=MONTHLY;BYDAY=3SA,8:30,120,940-766-2322,https://www.wfafb.org/_files/ugd/6df2c9_2c2813416bc540e79ce23fedeff71a14.pdf,None,mobile pantry,WFAFB listing revised 6/27/2023; confirm schedule.
Wichita Falls,North Central Texas,Wichita Falls Area Food Bank,"3801 Old Jacksboro Hwy Wichita Falls, TX 76302","1st Saturday, 9:00am-11:00am",RRULE:FREQ=MONTHLY;BYDAY=1SA,9:00,120,940-766-2322,https://www.wfafb.org/_files/ugd/6df2c9_2c2813416bc540e79ce23fedeff71a14.pdf,None,mobile pantry,WFAFB listing revised 6/27/2023; confirm schedule.
Wichita Falls,North Central Texas,Wichita Falls Area Food Bank,"1420 Borton St Wichita Falls, TX 76301","4th Saturday, 9:30am-11:30am",RRULE:FREQ=MONTHLY;BYDAY=4SA,9:30,120,940-766-2322,https://www.wfafb.org/_files/ugd/6df2c9_2c2813416bc540e79ce23fedeff71a14.pdf,None,mobile pantry,WFAFB listing revised 6/27/2023; confirm schedule.
Wichita Falls,North Central Texas,Wichita Falls Area Food Bank,"1608 Monroe St Wichita Falls, TX 76301","4th Saturday, 10:00am-12:00pm",RRULE:FREQ=MONTHLY;BYDAY=4SA,10:00,120,940-766-2322,https://www.wfafb.org/_files/ugd/6df2c9_2c2813416bc540e79ce23fedeff71a14.pdf,None,mobile pantry,WFAFB listing revised 6/27/2023; confirm schedule.
Brownsville,Rio Grande Valley,Church of the Advent Food Pantry,"104 W. Elizabeth St, Brownsville, TX 78520","1st Wednesday, 10:00am-1:00pm",RRULE:FREQ=MONTHLY;BYDAY=1WE,10:00,180,956-542-4123,https://adventbrownsville.org/food-assistance-ministries/,Photo ID and billing statement/proof of residency in service area,walk-in,Southwest Brownsville service area; holiday dates may move to Thursday.
Brownsville,Rio Grande Valley,San Felipe de Jesus Catholic Church Food Pantry,"2215 Rancho Viejo Ave, Brownsville, TX 78526","Monday-Friday, 8:00am-3:00pm","RRULE:FREQ=WEEKLY;BYDAY=MO,TU,WE,TH,FR",8:00,420,956-982-2007,https://aging.networkofcare.org/lrgv-tx/services/agency?pid=FoodPantrySanFelipedeJesusBrownsville_984_1_0,ID and utility bill or verification of residency,walk-in,Directory listing; Thursday distribution wait noted; verify current hours.
Donna,Rio Grande Valley,Open Hands Community Charitable Services,"301 S. 17th St, Donna, TX 78537","2nd Saturday, 7:00am-8:30am",RRULE:FREQ=MONTHLY;BYDAY=2SA,7:00,90,956-461-6920,https://openhandsdonna.com/,None stated,walk-in,Schedule from directory; organization site says four distributions monthly—verify.
Edcouch,Rio Grande Valley,Food Bank of the Rio Grande Valley Edcouch-Elsa ISD Resource Center,"302 S. Juanita St, Edcouch, TX 78538","Monday-Friday, 8:30am-12:00pm","RRULE:FREQ=WEEKLY;BYDAY=MO,TU,WE,TH,FR",8:30,210,956-904-4548,https://foodbankrgv.com/our-programs/emergency-food/,Photo ID and proof of address,walk-in,Resource-center hours; verify before visiting.
Edcouch,Rio Grande Valley,Food Bank of the Rio Grande Valley Edcouch-Elsa ISD Resource Center,"302 S. Juanita St, Edcouch, TX 78538","Monday-Friday, 1:30pm-5:00pm","RRULE:FREQ=WEEKLY;BYDAY=MO,TU,WE,TH,FR",13:30,210,956-904-4548,https://foodbankrgv.com/our-programs/emergency-food/,Photo ID and proof of address,walk-in,Resource-center hours; verify before visiting.
Harlingen,Rio Grande Valley,Harlingen Neighborhood Food Pantry,"801 E. Harrison Ave, Harlingen, TX 78550","Every Wednesday, from 8:00am while supplies last",RRULE:FREQ=WEEKLY;BYDAY=WE,8:00,240,956-428-3972,https://harlingenneighborhoodfoodpantry.org/,Photo ID and utility bill or proof of address,drive-thru,Harlingen residents; ticketed drive-through/walk-in pickup.
Harlingen,Rio Grande Valley,Limitless Church Food Pantry,"1021 E. Madison Ave, Harlingen, TX 78550","Every Wednesday, 12:00pm-2:00pm",RRULE:FREQ=WEEKLY;BYDAY=WE,12:00,120,956-202-2662,https://harlingentx.gov/departments/library/food_security.php,None; must have a need,walk-in,Times subject to change; line starts on Madison Ave.
McAllen,Rio Grande Valley,Feed My Sheep / Baptist Temple,"2001 Trenton Rd, McAllen, TX 78501","1st & 3rd Thursday, 9:00am-11:00am","RRULE:FREQ=MONTHLY;BYDAY=1TH,3TH",9:00,120,956-686-5296,https://aging.networkofcare.org/lrgv-tx/services/agency?pid=FoodPantryFeedMySheepBaptistTempleMcAllen_984_1_0,ID and utility bill or verification of residency,walk-in,Directory listing; call to verify.
Mission,Rio Grande Valley,Food Bank RGV Mission Resource Center,"115 S. Mayberry St, Mission, TX 78572","Monday-Friday, 8:30am-12:00pm","RRULE:FREQ=WEEKLY;BYDAY=MO,TU,WE,TH,FR",8:30,210,956-904-4548,https://foodbankrgv.com/our-programs/emergency-food/,Photo ID and proof of address,walk-in,Emergency food assistance; verify hours before visiting.
Mission,Rio Grande Valley,Food Bank RGV Mission Resource Center,"115 S. Mayberry St, Mission, TX 78572","Monday-Friday, 1:30pm-5:00pm","RRULE:FREQ=WEEKLY;BYDAY=MO,TU,WE,TH,FR",13:30,210,956-904-4548,https://foodbankrgv.com/our-programs/emergency-food/,Photo ID and proof of address,walk-in,Emergency food assistance; verify hours before visiting.
Pharr,Rio Grande Valley,Food Bank of the Rio Grande Valley,"724 N. Cage Blvd, Pharr, TX 78577","Monday-Friday, 8:30am-11:30am","RRULE:FREQ=WEEKLY;BYDAY=MO,TU,WE,TH,FR",8:30,180,956-682-8101,https://foodbankrgv.com/our-programs/emergency-food/,Photo ID and proof of address,walk-in,Emergency pantry; initial visit is served without appointment.
Pharr,Rio Grande Valley,Food Bank of the Rio Grande Valley,"724 N. Cage Blvd, Pharr, TX 78577","Monday-Friday, 1:30pm-5:00pm","RRULE:FREQ=WEEKLY;BYDAY=MO,TU,WE,TH,FR",13:30,210,956-682-8101,https://foodbankrgv.com/our-programs/emergency-food/,Photo ID and proof of address,walk-in,Emergency pantry; initial visit is served without appointment.
Weslaco,Rio Grande Valley,Weslaco First United Methodist Church Hand-in-Hand Food Pantry,"520 S. Illinois Ave, Weslaco, TX 78596","3rd Saturday, 9:00am-11:00am",RRULE:FREQ=MONTHLY;BYDAY=3SA,9:00,120,956-968-7561,https://www.weslacofumc.org/food-pantry,None stated; confirm local requirements,walk-in,
Helotes,San Antonio Metro,Society of St. Vincent de Paul Our Lady of Guadalupe Conference,"14690 Bandera Rd, Helotes, TX 78023","Monday, Tuesday & Friday, 1:00pm-3:00pm","RRULE:FREQ=WEEKLY;BYDAY=MO,TU,FR",13:00,120,210-695-5683,https://www.svdphelotes.org/services/food-assistance/,Photo ID; conference-area residents,walk-in,No appointment; intake form completed on arrival.
Helotes,San Antonio Metro,Society of St. Vincent de Paul Our Lady of Guadalupe Conference,"14690 Bandera Rd, Helotes, TX 78023","Wednesday, Thursday & Saturday, 10:00am-12:00pm","RRULE:FREQ=WEEKLY;BYDAY=WE,TH,SA",10:00,120,210-695-5683,https://www.svdphelotes.org/services/food-assistance/,Photo ID; conference-area residents,walk-in,No appointment; intake form completed on arrival.
San Antonio,San Antonio Metro,Family Service Emergency Food Pantry,"3721 S. Presa St, San Antonio, TX 78210","Monday, Wednesday & Friday, 8:30am-4:00pm","RRULE:FREQ=WEEKLY;BYDAY=MO,WE,FR",8:30,450,,https://family-service.org/presa-community-center/pcc-emergency-food-pantry/,Texas driver license or ID and current Bexar County proof of residence,walk-in,Walk-ins welcome; once every 30 days.
San Antonio,San Antonio Metro,House Of Prayer & Evangelism Ministries HOPE Food Pantry,"5121 Crestway Dr, Suite 507, San Antonio, TX 78239","Every Wednesday, 9:00am-12:00pm",RRULE:FREQ=WEEKLY;BYDAY=WE,9:00,180,210-331-7055,https://www.hopesatx.org/foodpantry,None; no registration,walk-in,Sunday-after-service and Wednesday-evening distributions also noted; verify times.
San Antonio,San Antonio Metro,K.R.B.C. Ministries His Hands Food Pantry,"700 W. Hutchins Pl, San Antonio, TX 78221","1st & 3rd Tuesday, 9:00am-12:00pm","RRULE:FREQ=MONTHLY;BYDAY=1TU,3TU",9:00,180,,https://yourkrbc.org/foodpantry/,Photo ID and utility bill; ZIP codes 78221 or 78224,walk-in,
San Antonio,San Antonio Metro,Last Chance Ministries Bread of Life Food Pantry,"404 Brady Blvd, San Antonio, TX 78207","3rd Wednesday, 10:00am-11:00am",RRULE:FREQ=MONTHLY;BYDAY=3WE,10:00,60,210-227-4451,https://www.lcm.community/breadoflife,Photo ID,drive-thru,Drive-thru and walk-up; follow Facebook for changes.
San Antonio,San Antonio Metro,Rivers of Hope Ministries H.O.P.E. Food Pantry,"7015 Wurzbach Rd, San Antonio, TX 78240","2nd Saturday, 10:00am until food runs out",RRULE:FREQ=MONTHLY;BYDAY=2SA,10:00,180,210-693-0124,https://riversofhopeministries.com/hope-help-other-people-eat/,Bexar County residents; no ID/documentation,walk-in,"First-come, first-served; no appointment."
Asherton,South Texas Border,Dimmit County Food Pantry - Asherton,"1372 Cleveland St, Asherton, TX 78827","3rd Friday, 9:00am-12:00pm",RRULE:FREQ=MONTHLY;BYDAY=3FR,9:00,180,830-876-9105,https://www.southtexasfoodbank.org/dimmit,None stated; confirm local requirements,walk-in,
Big Wells,South Texas Border,Dimmit County Food Pantry - Big Wells,"171 N. Houston St, Big Wells, TX 78830","3rd Friday, 9:00am-12:00pm",RRULE:FREQ=MONTHLY;BYDAY=3FR,9:00,180,830-876-9105,https://www.southtexasfoodbank.org/dimmit,None stated; confirm local requirements,walk-in,
Brackettville,South Texas Border,Kinney County Food Pantry,"201 E. Spring St, Brackettville, TX 78832","3rd Thursday, 11:00am-2:00pm",RRULE:FREQ=MONTHLY;BYDAY=3TH,11:00,180,830-867-4017,https://www.southtexasfoodbank.org/kinney,None stated; confirm local requirements,walk-in,
Carrizo Springs,South Texas Border,Dimmit County Food Pantry - Carrizo Springs,"127 FM 2367, Carrizo Springs, TX 78834","3rd Friday, 9:00am-12:00pm",RRULE:FREQ=MONTHLY;BYDAY=3FR,9:00,180,830-876-9105,https://www.southtexasfoodbank.org/dimmit,None stated; confirm local requirements,walk-in,
Del Rio,South Texas Border,St. Joseph Catholic Church,"510 Wernett St, Del Rio, TX 78840","Tuesday, 5:00pm-6:30pm (except 3rd Tuesday)",RRULE:FREQ=WEEKLY;BYDAY=TU,17:00,90,830-719-6267,https://www.southtexasfoodbank.org/val-verde-1,None stated; confirm local requirements,walk-in,Except the third Tuesday each month.
Del Rio,South Texas Border,Val Verde Community Center Precinct 2,"FM 2523 Hamilton Lane, Del Rio, TX 78840","Every Thursday, 9:00am-2:00pm",RRULE:FREQ=WEEKLY;BYDAY=TH,9:00,300,830-313-3074,https://www.southtexasfoodbank.org/val-verde-1,None stated; confirm local requirements,walk-in,
Eagle Pass,South Texas Border,Maverick County Food Pantry,"1823 S. Veterans Blvd, Eagle Pass, TX 78852","Monday-Friday, 9:00am-2:30pm","RRULE:FREQ=WEEKLY;BYDAY=MO,TU,WE,TH,FR",9:00,330,830-757-6424,https://www.southtexasfoodbank.org/maverick,None stated; confirm local requirements,walk-in,
Eagle Pass,South Texas Border,San Lucas Lutheran Church,"1725 Eidson Rd, Eagle Pass, TX 78853","Every Tuesday, 9:00am-10:00am",RRULE:FREQ=WEEKLY;BYDAY=TU,9:00,60,830-773-9310,https://www.southtexasfoodbank.org/maverick,None stated; confirm local requirements,walk-in,
El Cenizo,South Texas Border,Ministerios Revelacion,"3518 Rear Reyes St, El Cenizo, TX 78046","3rd Saturday, 10:00am-12:00pm",RRULE:FREQ=MONTHLY;BYDAY=3SA,10:00,120,956-220-2915,https://www.southtexasfoodbank.org/webb-1,Area residents may be asked for photo ID or barcode card,mobile pantry,
Hebbronville,South Texas Border,Hebbronville Food Pantry,"14 Rodriguez Ln, Hebbronville, TX 78361","Monday-Thursday, 12:00pm-5:00pm","RRULE:FREQ=WEEKLY;BYDAY=MO,TU,WE,TH",12:00,300,361-527-5835,https://www.southtexasfoodbank.org/jim-hogg,None stated; confirm local requirements,walk-in,Official listing says 12am; interpreted as 12pm and flagged for verification.
Laredo,South Texas Border,Bethany House,"817 Hidalgo St, Laredo, TX 78040","Daily, 9:00am-9:45am",RRULE:FREQ=DAILY,9:00,45,956-722-4152,https://www.southtexasfoodbank.org/webb-1,None stated; confirm local requirements,hot meal,"Meal service; listed at 9am, noon and 4pm daily."
Laredo,South Texas Border,Bethany House,"817 Hidalgo St, Laredo, TX 78040","Daily, 12:00pm-12:45pm",RRULE:FREQ=DAILY,12:00,45,956-722-4152,https://www.southtexasfoodbank.org/webb-1,None stated; confirm local requirements,hot meal,"Meal service; listed at 9am, noon and 4pm daily."
Laredo,South Texas Border,Bethany House,"817 Hidalgo St, Laredo, TX 78040","Daily, 4:00pm-4:45pm",RRULE:FREQ=DAILY,16:00,45,956-722-4152,https://www.southtexasfoodbank.org/webb-1,None stated; confirm local requirements,hot meal,"Meal service; listed at 9am, noon and 4pm daily."
Laredo,South Texas Border,Centro Agape,"102 Century Dr. N., Laredo, TX 78046","Every Wednesday, 5:00pm-7:00pm",RRULE:FREQ=WEEKLY;BYDAY=WE,17:00,120,956-715-5187,https://www.southtexasfoodbank.org/webb-1,None stated; confirm local requirements,walk-in,
Laredo,South Texas Border,Christ Church Episcopal,"2320 Lane St, Laredo, TX 78043","Every Saturday, 9:00am-11:00am",RRULE:FREQ=WEEKLY;BYDAY=SA,9:00,120,956-242-0448,https://www.southtexasfoodbank.org/webb-1,None stated; confirm local requirements,walk-in,
Laredo,South Texas Border,Holding Food Pantry,"1102 Santa Maria Ave, Laredo, TX 78040","Every Tuesday & Thursday, 10:00am-11:00am","RRULE:FREQ=WEEKLY;BYDAY=TU,TH",10:00,60,956-718-2070,https://www.southtexasfoodbank.org/webb-1,None stated; confirm local requirements,walk-in,
Laredo,South Texas Border,Iglesia Cristiana Ebenezer,"666 Prada Machin Dr, Laredo, TX 78046","2nd Saturday, 8:00am-10:00am",RRULE:FREQ=MONTHLY;BYDAY=2SA,8:00,120,956-319-4118,https://www.southtexasfoodbank.org/webb-1,None stated; confirm local requirements,walk-in,
Laredo,South Texas Border,Laredo Stepping Stone,"377 Palomino Rd, Laredo, TX 78046","3rd Friday, 4:30pm-7:00pm",RRULE:FREQ=MONTHLY;BYDAY=3FR,16:30,150,956-999-5895,https://www.southtexasfoodbank.org/webb-1,None stated; confirm local requirements,walk-in,
Laredo,South Texas Border,Salvation Army,"408 Matamoros St, Laredo, TX 78040","Monday-Friday, 9:00am-12:00pm","RRULE:FREQ=WEEKLY;BYDAY=MO,TU,WE,TH,FR",9:00,180,956-723-2349,https://www.southtexasfoodbank.org/webb-1,None stated; confirm local requirements,walk-in,
Laredo,South Texas Border,Salvation Army,"408 Matamoros St, Laredo, TX 78040","Monday-Friday, 1:00pm-3:00pm","RRULE:FREQ=WEEKLY;BYDAY=MO,TU,WE,TH,FR",13:00,120,956-723-2349,https://www.southtexasfoodbank.org/webb-1,None stated; confirm local requirements,walk-in,
Laredo,South Texas Border,Seventh-day Adventist Church North,"3919 McPherson Rd, Laredo, TX 78041","Every Wednesday, 7:30pm-9:00pm",RRULE:FREQ=WEEKLY;BYDAY=WE,19:30,90,281-570-7490,https://www.southtexasfoodbank.org/webb-1,None stated; confirm local requirements,walk-in,
Laredo,South Texas Border,Seventh-day Adventist Church South,"3108 Columbia Dr, Laredo, TX 78046","Every Tuesday, 8:30am-10:00am",RRULE:FREQ=WEEKLY;BYDAY=TU,8:30,90,956-333-0187,https://www.southtexasfoodbank.org/webb-1,None stated; confirm local requirements,walk-in,
Laredo,South Texas Border,St. Peter the Apostle Church,"1510 Matamoros St, Laredo, TX 78040","2nd Saturday, 8:00am-9:30am",RRULE:FREQ=MONTHLY;BYDAY=2SA,8:00,90,956-723-6301,https://www.southtexasfoodbank.org/webb-1,None stated; confirm local requirements,walk-in,
Laredo,South Texas Border,Volunteers Serving the Need,"1202 Salinas Ave, Laredo, TX 78040","1st & 3rd Saturday, 9:00am-1:00pm","RRULE:FREQ=MONTHLY;BYDAY=1SA,3SA",9:00,240,956-717-2960,https://www.southtexasfoodbank.org/webb-1,None stated; confirm local requirements,walk-in,
Rio Bravo,South Texas Border,Rio Bravo Community Church,"516 Rio Rojo Rd, Rio Bravo, TX 78046","Every Thursday, 7:00pm-8:30pm",RRULE:FREQ=WEEKLY;BYDAY=TH,19:00,90,956-771-1841,https://www.southtexasfoodbank.org/webb-1,None stated; confirm local requirements,walk-in,
Rio Grande City,South Texas Border,Casa de Esperanza,"804 Ringgold St, Rio Grande City, TX 78582","Monday-Friday, 10:00am-1:00pm","RRULE:FREQ=WEEKLY;BYDAY=MO,TU,WE,TH,FR",10:00,180,956-534-2826,https://www.southtexasfoodbank.org/starr,None stated; confirm local requirements,walk-in,
Rio Grande City,South Texas Border,Colonia Unidas Pct #1 / La Rosita,"4192 W. Hwy 83, Rio Grande City, TX 78582","Monday-Friday, 8:00am-4:00pm","RRULE:FREQ=WEEKLY;BYDAY=MO,TU,WE,TH,FR",8:00,480,956-849-2606,https://www.southtexasfoodbank.org/starr,None stated; confirm local requirements,walk-in,
Rio Grande City,South Texas Border,Colonias Unidas Pct #4,"2235 FM 755, Rio Grande City, TX 78582","Monday-Friday, 8:30am-4:30pm","RRULE:FREQ=WEEKLY;BYDAY=MO,TU,WE,TH,FR",8:30,480,956-487-2922,https://www.southtexasfoodbank.org/starr,None stated; confirm local requirements,walk-in,
Rio Grande City,South Texas Border,Hope and Help La Casita Pct #3,"6163 FM 1430, Rio Grande City, TX 78582","Every Wednesday, 9:00am-2:00pm",RRULE:FREQ=WEEKLY;BYDAY=WE,9:00,300,956-487-2120,https://www.southtexasfoodbank.org/starr,None stated; confirm local requirements,walk-in,
Rio Grande City,South Texas Border,Ministerio Casa de Verdad,"5739 E. Hwy 83, Rio Grande City, TX 78582","3rd Wednesday, 9:00am-10:00am",RRULE:FREQ=MONTHLY;BYDAY=3WE,9:00,60,956-445-6135,https://www.southtexasfoodbank.org/starr,None stated; confirm local requirements,walk-in,
Rio Grande City,South Texas Border,South Texas College,"5270 FM 3167, Rio Grande City, TX 78588","Every Tuesday & Wednesday, 11:00am-2:00pm","RRULE:FREQ=WEEKLY;BYDAY=TU,WE",11:00,180,956-872-5866,https://www.southtexasfoodbank.org/starr,None stated; confirm local requirements,walk-in,
Rio Grande City,South Texas Border,Templo Rosa de Saron,"6830 E. 6th St, Rio Grande City, TX 78582","Last Tuesday, 10:00am-12:00pm",RRULE:FREQ=MONTHLY;BYDAY=-1TU,10:00,120,956-735-4233,https://www.southtexasfoodbank.org/starr,None stated; confirm local requirements,walk-in,
Roma,South Texas Border,Colonias Unidas Pct #2,"20 FM 650, Roma, TX 78582","Every Tuesday & Thursday, 8:00am-5:00pm","RRULE:FREQ=WEEKLY;BYDAY=TU,TH",8:00,540,956-849-3102,https://www.southtexasfoodbank.org/starr,None stated; confirm local requirements,walk-in,
Zapata,South Texas Border,Shepherds Pantry,"508 Hawk St, Zapata, TX 78076","3rd Thursday, 8:00am-10:00am",RRULE:FREQ=MONTHLY;BYDAY=3TH,8:00,120,956-765-0123,https://www.southtexasfoodbank.org/zapata,None stated; confirm local requirements,walk-in,
Beaumont,Southeast Texas,Salvation Army Beaumont Pantry,"2350 I-10 Frontage Rd, Beaumont, TX 77703",Tuesday and Thursday 1:00pm-3:30pm,"RRULE:FREQ=WEEKLY;BYDAY=TU,TH",13:00,150,409-896-2361,https://setxfoodbank.org/get-help/jefferson-county-food-bank-agencies/,Jefferson County,walk-in,SETX agency listing; verify current hours.
Beaumont,Southeast Texas,Surviving Parents of SETX Hope Food Pantry,"5040 Bigner Rd, Beaumont, TX 77708",Tuesday and Wednesday 9:00am-11:00am,"RRULE:FREQ=WEEKLY;BYDAY=TU,WE",9:00,120,409-683-7693,https://setxfoodbank.org/get-help/jefferson-county-food-bank-agencies/,Jefferson County,walk-in,SETX agency listing; verify current hours.
Bridge City,Southeast Texas,Bridge City/Orangefield Ministerial Alliance,"285 W. Roundbunch Rd, Bridge City, TX 77611",Monday and Wednesday 9:00am-12:00pm,"RRULE:FREQ=WEEKLY;BYDAY=MO,WE",9:00,180,409-735-8296,https://setxfoodbank.org/get-help/orange-county-food-bank-agencies/,Orange County,walk-in,SETX agency listing; verify current hours.
Burkeville,Southeast Texas,Burkeville Food Share,"142 Hwy 63 E, Burkeville, TX 75932",3rd Thursday 2:30pm-4:30pm,RRULE:FREQ=WEEKLY;BYDAY=3TH,14:30,120,409-779-8230,https://setxfoodbank.org/get-help/newton-county-food-bank-agencies/,Newton County,walk-in,SETX agency listing; verify current hours.
Call,Southeast Texas,Trout Creek Baptist Church,"1509 FM 1004, Call, TX 75956",Last Saturday 9:00am-12:00pm,RRULE:FREQ=WEEKLY;BYDAY=-1SA,9:00,180,409-622-9800,https://setxfoodbank.org/get-help/newton-county-food-bank-agencies/,Newton County,walk-in,SETX agency listing; verify current hours.
China,Southeast Texas,Hardin-Jefferson Hunger Initiative,"717 Broadway, China, TX 77613",2nd and 3rd Tuesday 9:00am-12:00pm,"RRULE:FREQ=WEEKLY;BYDAY=2TU,3TU",9:00,180,409-893-3125,https://setxfoodbank.org/all-pantries/,Hardin County,walk-in,SETX agency listing; verify current hours.
China,Southeast Texas,Hardin-Jefferson Hunger Initiative,"717 Broadway, China, TX 77613",2nd and 3rd Tuesday 5:30pm-7:00pm,"RRULE:FREQ=WEEKLY;BYDAY=2TU,3TU",17:30,90,409-893-3125,https://setxfoodbank.org/all-pantries/,Hardin County,walk-in,SETX agency listing; verify current hours.
Colmesneil,Southeast Texas,Heavenly Blessings,"1408 N. Wheeler Rd, Colmesneil, TX 75938",2nd and 4th Friday 9:00am-11:00am,"RRULE:FREQ=MONTHLY;BYDAY=2FR,4FR",9:00,120,713-907-7494,https://setxfoodbank.org/get-help/tyler-county-food-bank-agencies/,Tyler County,walk-in,SETX agency listing; verify current hours.
Corrigan,Southeast Texas,Corrigan Christian Resource Center,"917 S. Home Street, Corrigan, TX 75939",2nd Saturday 8:00am-10:00am,RRULE:FREQ=WEEKLY;BYDAY=2SA,8:00,120,936-398-2611,https://setxfoodbank.org/get-help/polk-county-food-bank-agencies/,Polk County,walk-in,SETX agency listing; verify current hours.
Deweyville,Southeast Texas,MASA Hope & Community Outreach Center,"657 TX Hwy Spur 272, Deweyville, TX 77614",2nd Saturday 9:00am-11:00am,RRULE:FREQ=WEEKLY;BYDAY=2SA,9:00,120,409-988-9505,https://setxfoodbank.org/get-help/newton-county-food-bank-agencies/,Newton County,walk-in,SETX agency listing; verify current hours.
Deweyville,Southeast Texas,MASA Hope & Community Outreach Center,"657 TX Hwy Spur 272, Deweyville, TX 77614",2nd Saturday 11:30am-1:30pm,RRULE:FREQ=WEEKLY;BYDAY=2SA,11:30,120,409-988-9505,https://setxfoodbank.org/get-help/newton-county-food-bank-agencies/,Newton County,walk-in,SETX agency listing; verify current hours.
Jasper,Southeast Texas,Greater Jasper Share,"750 E. Gibson, Jasper, TX 75951","Monday, Wednesday and Friday 9:00am-12:00pm","RRULE:FREQ=WEEKLY;BYDAY=MO,WE,FR",9:00,180,409-336-2210,https://setxfoodbank.org/get-help/jasper-county-food-bank-agencies/,Jasper County,walk-in,SETX agency listing; verify current hours.
Jasper,Southeast Texas,Harvest Church,"1501 S. Wheeler, Jasper, TX 75951",1st Tuesday 9:00am-11:00am,RRULE:FREQ=WEEKLY;BYDAY=1TU,9:00,120,409-384-1228,https://setxfoodbank.org/get-help/jasper-county-food-bank-agencies/,Jasper County,walk-in,SETX agency listing; verify current hours.
Kirbyville,Southeast Texas,Kirbyville Christian Outreach,"218 East Main St, Kirbyville, TX 75956",Tuesday and Thursday 12:30pm-2:15pm,"RRULE:FREQ=WEEKLY;BYDAY=TU,TH",12:30,105,409-423-2569,https://setxfoodbank.org/get-help/jasper-county-food-bank-agencies/,Jasper County,walk-in,SETX agency listing; verify current hours.
Kountze,Southeast Texas,Christian Loving Care Center,"325 W. Crocker, Kountze, TX 77625",Monday and Wednesday 9:00am-12:30pm,"RRULE:FREQ=WEEKLY;BYDAY=MO,WE",9:00,210,409-246-4466,https://setxfoodbank.org/get-help/hardin-county-food-bank-agencies/,Hardin County,walk-in,SETX agency listing; verify current hours.
Livingston,Southeast Texas,Center of Hope,"600 S. Washington, Livingston, TX 77351",Tuesday and Thursday 1:00pm-3:30pm,"RRULE:FREQ=WEEKLY;BYDAY=TU,TH",13:00,150,936-327-7634,https://setxfoodbank.org/get-help/polk-county-food-bank-agencies/,Polk County,walk-in,SETX agency listing; verify current hours.
Livingston,Southeast Texas,Manna Fest,"803 W. Feagin, Livingston, TX 77351",Monday and Friday 9:00am-12:00pm,"RRULE:FREQ=WEEKLY;BYDAY=MO,FR",9:00,180,936-327-9555,https://setxfoodbank.org/get-help/polk-county-food-bank-agencies/,Polk County,walk-in,SETX agency listing; verify current hours.
Lumberton,Southeast Texas,Lumberton Civic Women’s League,"70 West Chance Road, Lumberton, TX 77657",Wednesday 9:00am-11:30am,RRULE:FREQ=WEEKLY;BYDAY=WE,9:00,150,409-755-7338,https://setxfoodbank.org/get-help/hardin-county-food-bank-agencies/,Hardin County,walk-in,SETX agency listing; verify current hours.
Newton,Southeast Texas,Newton Food Share,"509 N. Main, Newton, TX 75966",2nd and 4th Thursday 9:00am-1:00pm,"RRULE:FREQ=WEEKLY;BYDAY=2TH,4TH",9:00,240,409-379-4831,https://setxfoodbank.org/get-help/newton-county-food-bank-agencies/,Newton County,walk-in,SETX agency listing; verify current hours.
Onalaska,Southeast Texas,Revival Center Church of God,"585 FM 3459, Onalaska, TX 77360",3rd Tuesday 5:00pm-8:00pm,RRULE:FREQ=MONTHLY;BYDAY=3TU,17:00,180,936-646-2272,https://setxfoodbank.org/get-help/polk-county-food-bank-agencies/,Polk County,walk-in,SETX agency listing; verify current hours.
Onalaska,Southeast Texas,Revival Center Church of God,"585 FM 3459, Onalaska, TX 77360",3rd Thursday 9:00am-1:00pm,RRULE:FREQ=MONTHLY;BYDAY=3TH,9:00,240,936-646-2272,https://setxfoodbank.org/get-help/polk-county-food-bank-agencies/,Polk County,walk-in,SETX agency listing; verify current hours.
Orange,Southeast Texas,First Baptist Church Orange,"7637 M. L. King Drive, Orange, TX 77632",Monday and Wednesday 9:00am-11:00am,"RRULE:FREQ=WEEKLY;BYDAY=MO,WE",9:00,120,409-886-7461,https://setxfoodbank.org/get-help/orange-county-food-bank-agencies/,Orange County,walk-in,SETX agency listing; verify current hours.
Orange,Southeast Texas,Orange Christian Services,"2518 W. Park Ave, Orange, TX 77630",Monday-Thursday 10:00am-2:00pm,"RRULE:FREQ=MONTHLY;BYDAY=MO,TU,WE,TH",10:00,240,409-886-0938,https://setxfoodbank.org/get-help/orange-county-food-bank-agencies/,Orange County,walk-in,SETX agency listing; verify current hours.
Orange,Southeast Texas,Salvation Army - Orange,"1950 MLK, Orange, TX 77630",Monday and Thursday 9:30am-11:30am,"RRULE:FREQ=WEEKLY;BYDAY=MO,TH",9:30,120,409-291-8400,https://setxfoodbank.org/get-help/orange-county-food-bank-agencies/,Orange County,walk-in,SETX agency listing; verify current hours.
Silsbee,Southeast Texas,Hardin County Christian Care Center,"415 W. Avenue P, Silsbee, TX 77656",Monday-Wednesday 10:00am-1:30pm,"RRULE:FREQ=WEEKLY;BYDAY=MO,TU,WE",10:00,210,409-385-2237,https://setxfoodbank.org/get-help/hardin-county-food-bank-agencies/,Hardin County,walk-in,SETX agency listing; verify current hours.
Sour Lake,Southeast Texas,Caring Christians Sharing,"290 N. Fannin St, Sour Lake, TX 77659",Monday and Wednesday 7:30am-11:00am,"RRULE:FREQ=WEEKLY;BYDAY=MO,WE",7:30,210,409-223-9802,https://setxfoodbank.org/get-help/hardin-county-food-bank-agencies/,Hardin County,walk-in,SETX agency listing; verify current hours.
Spurger,Southeast Texas,Piney Wood Food Pantry,"13237 FM 1013, Spurger, TX 77660",1st Saturday 10:00am-12:00pm,RRULE:FREQ=MONTHLY;BYDAY=1SA,10:00,120,409-679-2615,https://setxfoodbank.org/get-help/tyler-county-food-bank-agencies/,Tyler County,walk-in,SETX agency listing; verify current hours.
Spurger,Southeast Texas,Piney Wood Food Pantry,"13237 FM 1013, Spurger, TX 77660",3rd Friday 2:00pm-4:00pm,RRULE:FREQ=MONTHLY;BYDAY=3FR,14:00,120,409-679-2615,https://setxfoodbank.org/get-help/tyler-county-food-bank-agencies/,Tyler County,walk-in,SETX agency listing; verify current hours.
Vidor,Southeast Texas,Fishers of Men,"3600 N. Main St, Vidor, TX 77662",Wednesday 8:00am-11:00am,RRULE:FREQ=WEEKLY;BYDAY=WE,8:00,180,409-656-6404,https://setxfoodbank.org/get-help/orange-county-food-bank-agencies/,Orange County,walk-in,SETX agency listing; verify current hours.
Vidor,Southeast Texas,United Christian Care Center,"293 Wilson, Vidor, TX 77662",Tuesday-Thursday 9:00am-12:00pm,"RRULE:FREQ=WEEKLY;BYDAY=TU,WE,TH",9:00,180,409-769-2861,https://setxfoodbank.org/get-help/orange-county-food-bank-agencies/,Orange County,walk-in,SETX agency listing; verify current hours.
Vidor,Southeast Texas,United Christian Care Center,"293 Wilson, Vidor, TX 77662",4th Tuesday 4:30pm-6:30pm,RRULE:FREQ=MONTHLY;BYDAY=4TU,16:30,120,409-769-2861,https://setxfoodbank.org/get-help/orange-county-food-bank-agencies/,Orange County,walk-in,SETX agency listing; verify current hours.
Warren,Southeast Texas,Warren Methodist Church Community Food Pantry,"150 County Road 1515, Warren, TX 77664",3rd Saturday 9:00am-12:00pm,RRULE:FREQ=MONTHLY;BYDAY=3SA,9:00,180,912-656-3139,https://setxfoodbank.org/get-help/tyler-county-food-bank-agencies/,Tyler County,walk-in,SETX agency listing; verify current hours.
Woodville,Southeast Texas,Caring is Sharing,"308 Beaver St, Woodville, TX 75979","Monday, Wednesday and Friday 9:00am-11:00am","RRULE:FREQ=WEEKLY;BYDAY=MO,WE,FR",9:00,120,409-283-5800,https://setxfoodbank.org/get-help/tyler-county-food-bank-agencies/,Tyler County,walk-in,SETX agency listing; verify current hours.
Woodville,Southeast Texas,Keniesha R. Beatty Food Pantry,"405 Cobb Mill Road, Woodville, TX 75979",2nd Thursday 8:00am-12:00pm,RRULE:FREQ=MONTHLY;BYDAY=2TH,8:00,240,409-781-9785,https://setxfoodbank.org/get-help/tyler-county-food-bank-agencies/,Tyler County,walk-in,SETX agency listing; verify current hours.
Woodville,Southeast Texas,Lakeside Outreach,"4712 FM 92 South, Woodville, TX 75979",Tuesday 10:00am-12:00pm,RRULE:FREQ=WEEKLY;BYDAY=TU,10:00,120,409-201-8293,https://setxfoodbank.org/get-help/tyler-county-food-bank-agencies/,Tyler County,walk-in,SETX agency listing; verify current hours.
Woodville,Southeast Texas,Lakeside Outreach,"4712 FM 92 South, Woodville, TX 75979",3rd Saturday 8:00am-10:00am,RRULE:FREQ=MONTHLY;BYDAY=3SA,8:00,120,409-201-8293,https://setxfoodbank.org/get-help/tyler-county-food-bank-agencies/,Tyler County,walk-in,SETX agency listing; verify current hours.
Fredericksburg,Texas Hill Country,Fredericksburg Food Pantry,"701 Mustang St, Fredericksburg, TX 78624","Monday, Wednesday & Friday, 1:00pm-5:00pm","RRULE:FREQ=WEEKLY;BYDAY=MO,WE,FR",13:00,240,830-990-8651,https://www.sacrd.org/directory/program/print/12304,Gillespie County families and individuals in need,walk-in,Directory listing; call to confirm current schedule.
Kerrville,Texas Hill Country,Christian Assistance Ministry,"521 Barnett St, Kerrville, TX 78028","Monday, Tuesday & Thursday, 2:00pm-4:00pm","RRULE:FREQ=WEEKLY;BYDAY=MO,TU,TH",14:00,120,830-257-4222,https://kerrcam.com/faq,Low-income Kerr County residents,walk-in,
Kerrville,Texas Hill Country,Christian Assistance Ministry,"521 Barnett St, Kerrville, TX 78028","Wednesday & Friday, 10:00am-12:00pm","RRULE:FREQ=WEEKLY;BYDAY=WE,FR",10:00,120,830-257-4222,https://kerrcam.com/faq,Low-income Kerr County residents,walk-in,
Kerrville,Texas Hill Country,Mustard Seed Food Pantry at Light on the Hill,"610 Methodist Encampment Rd, Kerrville, TX 78028","1st, 2nd & 3rd Monday, 9:00am-10:00am","RRULE:FREQ=MONTHLY;BYDAY=1MO,2MO,3MO",9:00,60,830-315-6104,https://www.sacrd.org/directory/program/18562,None stated; confirm local requirements,drive-thru,Call ahead to confirm; special appointment option is only for people unable to attend.
Kerrville,Texas Hill Country,San Antonio Food Bank Mega Pantry at Light on the Hill,"610 Methodist Encampment Rd, Kerrville, TX 78028","Last Monday, 8:00am-10:00am",RRULE:FREQ=MONTHLY;BYDAY=-1MO,8:00,120,830-315-6104,https://www.sacrd.org/directory/program/18565,Signature required for first-time recipients,drive-thru,Monthly mega pantry; call to confirm holiday changes.
New Braunfels,Texas Hill Country,SOS Food Bank,"256 W. Merriweather St, New Braunfels, TX 78130","Monday-Friday, 1:00pm-4:00pm","RRULE:FREQ=WEEKLY;BYDAY=MO,TU,WE,TH,FR",13:00,180,830-629-3663,https://sosnb.org/services,Photo ID for emergency allocation; no registration required for first emergency visit,walk-in,Emergency food service is walk-in; monthly allotment requires registration.
New Braunfels,Texas Hill Country,SOS Food Bank,"256 W. Merriweather St, New Braunfels, TX 78130","Tuesday & Saturday, 9:00am-11:00am","RRULE:FREQ=WEEKLY;BYDAY=TU,SA",9:00,120,830-629-3663,https://sosnb.org/services,Photo ID for emergency allocation; no registration required for first emergency visit,walk-in,Emergency food service is walk-in; monthly allotment requires registration.
Pearsall,Texas Hill Country,Frio County Food Bank,"1203 S. Oak St, Pearsall, TX 78061","Monday-Friday, 8:00am-5:00pm","RRULE:FREQ=WEEKLY;BYDAY=MO,TU,WE,TH,FR",8:00,540,210-431-8403,https://safoodbank.org/friocounty/,None stated; call before visiting,walk-in,Branch hours published; food-assistance walk-in status needs human confirmation.
Uvalde,Texas Hill Country,Uvalde Food Pantry,"211 Evans St, Uvalde, TX 78801","Every Saturday, 9:00am-11:00am",RRULE:FREQ=WEEKLY;BYDAY=SA,9:00,120,830-278-5223,https://www.freefood.org/l/tx_78801_uvalde-food-pantry,Uvalde residents; requirements not stated,walk-in,Aggregator listing; current social posts show occasional seasonal 8am start—verify.
Amarillo,Texas Panhandle,High Plains Food Bank,"427 S Western St Amarillo, TX 79106","Friday, 9:30am-3:30pm",RRULE:FREQ=WEEKLY;BYDAY=FR,9:30,360,806-333-4344,https://www.hpfb.org/wp-content/uploads/2025/07/Agency-Referral-List-Updated-072225.pdf,None,walk-in,HPFB referral list revised July 2025; confirm hours.
Amarillo,Texas Panhandle,High Plains Food Bank,"3500 S Bowie St Amarillo, TX 79110","Wednesday, 10:00am-12:00pm",RRULE:FREQ=WEEKLY;BYDAY=WE,10:00,120,806-359-9483,https://www.hpfb.org/wp-content/uploads/2025/07/Agency-Referral-List-Updated-072225.pdf,None,walk-in,HPFB referral list revised July 2025; confirm hours.
Amarillo,Texas Panhandle,High Plains Food Bank,"2700 SE 34th Ave Amarillo, TX 79118","2nd & 4th Thursday, 2:00pm-4:00pm","RRULE:FREQ=MONTHLY;BYDAY=2TH,4TH",14:00,120,806-373-4190,https://www.hpfb.org/wp-content/uploads/2025/07/Agency-Referral-List-Updated-072225.pdf,None,walk-in,HPFB referral list revised July 2025; confirm hours.
Amarillo,Texas Panhandle,High Plains Food Bank,"1515 S Buchanan St Amarillo, TX 79102","Monday & Wednesday, 9:00am-10:45am","RRULE:FREQ=WEEKLY;BYDAY=MO,WE",9:00,105,806-374-1252,https://www.hpfb.org/wp-content/uploads/2025/07/Agency-Referral-List-Updated-072225.pdf,None,walk-in,HPFB referral list revised July 2025; confirm hours.
Amarillo,Texas Panhandle,High Plains Food Bank,"1600 N Bivins St Amarillo, TX 79107","1st & 3rd Thursday, 4:30pm-6:00pm","RRULE:FREQ=MONTHLY;BYDAY=1TH,3TH",16:30,90,806-231-9329,https://www.hpfb.org/wp-content/uploads/2025/07/Agency-Referral-List-Updated-072225.pdf,None,walk-in,HPFB referral list revised July 2025; confirm hours.
Amarillo,Texas Panhandle,High Plains Food Bank,"7601 S Western St Amarillo, TX 79119","Wednesday, 9:00am-11:00am",RRULE:FREQ=WEEKLY;BYDAY=WE,9:00,120,806-358-8829,https://www.hpfb.org/wp-content/uploads/2025/07/Agency-Referral-List-Updated-072225.pdf,None,walk-in,HPFB referral list revised July 2025; confirm hours.
Abilene,West Texas,Aldersgate Methodist Church,"1741 Sayles Blvd., Abilene, TX 79605","2nd Thursday, 9:00am-10:30am",RRULE:FREQ=MONTHLY;BYDAY=2TH,9:00,90,325-695-6311,https://fbwct.org/find-help/find-food,None stated,mobile pantry,Food Bank of West Central Texas mobile pantry.
Abilene,West Texas,Food Bank of West Central Texas,"5505 N. 1st St., Abilene, TX 79603","1st Thursday, 9:00am-10:30am",RRULE:FREQ=MONTHLY;BYDAY=1TH,9:00,90,325-695-6311,https://www.fbwct.org/drive-thru-pantry,None stated,drive-thru,First-come; verify holiday closures.
Abilene,West Texas,Food Bank of West Central Texas,"5505 N. 1st St., Abilene, TX 79603","2nd Saturday, 9:00am-10:30am",RRULE:FREQ=MONTHLY;BYDAY=2SA,9:00,90,325-695-6311,https://www.fbwct.org/drive-thru-pantry,None stated,drive-thru,First-come; verify holiday closures.
Abilene,West Texas,Food Bank of West Central Texas,"5505 N. 1st St., Abilene, TX 79603","3rd Monday, 4:30pm-6:00pm",RRULE:FREQ=MONTHLY;BYDAY=3MO,16:30,90,325-695-6311,https://www.fbwct.org/drive-thru-pantry,None stated,drive-thru,First-come; verify holiday closures.
Abilene,West Texas,St. Vincent Pallotti Catholic Church,"2525 Westview Dr., Abilene, TX 79603","1st Wednesday, 3:00pm-4:30pm",RRULE:FREQ=MONTHLY;BYDAY=1WE,15:00,90,325-695-6311,https://fbwct.org/find-help/find-food,None stated,mobile pantry,Food Bank of West Central Texas mobile pantry.
Grape Creek,West Texas,Grape Creek United Methodist Church,"8045 US Hwy 87 N, Grape Creek, TX 76901","Every Wednesday, 2:00pm-5:00pm",RRULE:FREQ=WEEKLY;BYDAY=WE,14:00,180,,https://www.gosanangelo.com/story/news/local/2025/10/30/need-help-heres-where-to-find-food-pantries-in-san-angelo-area/86981773007/,"Grape Creek, Carlsbad and Water Valley residents",walk-in,
Midland,West Texas,Amos,"908 S. Loraine St., Midland, TX 79701","Tuesday-Thursday, 9:00am-12:00pm","RRULE:FREQ=WEEKLY;BYDAY=TU,WE,TH",9:00,180,432-687-2667,https://wtxfoodbank.org/wp-content/uploads/2025/09/2025-Agency-Flyer.pdf,None stated,walk-in,Verify current agency hours.
Midland,West Texas,Midland Baptist Church,"806 S. Baird St., Midland, TX 79701","Tuesday-Thursday, 9:00am-12:00pm","RRULE:FREQ=WEEKLY;BYDAY=TU,WE,TH",9:00,180,432-685-1467,https://wtxfoodbank.org/wp-content/uploads/2025/09/2025-Agency-Flyer.pdf,None stated,walk-in,Verify current agency hours.
Midland,West Texas,One Hope Church of Christ,"2515 Ohio Ave., Midland, TX 79705","1st and 3rd Tuesday, 12:30pm-2:00pm","RRULE:FREQ=MONTHLY;BYDAY=1TU,3TU",12:30,90,432-254-0478,https://wtxfoodbank.org/wp-content/uploads/2025/09/2025-Agency-Flyer.pdf,None stated,walk-in,Verify current agency hours.
Midland,West Texas,Redeemed Christian Church of God,"406 N. Midland Dr., Midland, TX 79703","1st Saturday, 10:00am-12:00pm",RRULE:FREQ=MONTHLY;BYDAY=1SA,10:00,120,347-737-8952,https://wtxfoodbank.org/wp-content/uploads/2025/09/2025-Agency-Flyer.pdf,None stated,walk-in,Verify current agency hours.
Midland,West Texas,Salvation Army,"600 E. Wall St., Midland, TX 79701","Monday-Friday, 9:00am-4:00pm","RRULE:FREQ=WEEKLY;BYDAY=MO,TU,WE,TH,FR",9:00,420,432-683-3614,https://wtxfoodbank.org/wp-content/uploads/2025/09/2025-Agency-Flyer.pdf,None stated,walk-in,Verify current agency hours.
Odessa,West Texas,Belmont Baptist Food Pantry,"1200 W. 8th St., Odessa, TX 79761","4th Saturday, 9:00am-10:30am",RRULE:FREQ=MONTHLY;BYDAY=4SA,9:00,90,432-332-0248,https://wtxfoodbank.org/wp-content/uploads/2025/09/2025-Agency-Flyer.pdf,None stated,walk-in,Verify current agency hours.
Odessa,West Texas,Bethel Missionary Baptist Church,"410 S. Calhoun St., Odessa, TX 79761","3rd Saturday, 10:00am-1:00pm",RRULE:FREQ=MONTHLY;BYDAY=3SA,10:00,180,432-683-9465,https://wtxfoodbank.org/wp-content/uploads/2025/09/2025-Agency-Flyer.pdf,None stated,walk-in,Verify current agency hours.
Odessa,West Texas,Breaking Bread Soup Kitchen,"410 Florida St., Odessa, TX 79761","Monday-Friday, 6:30pm-7:30pm","RRULE:FREQ=WEEKLY;BYDAY=MO,TU,WE,TH,FR",18:30,60,432-689-2339,https://wtxfoodbank.org/wp-content/uploads/2025/09/2025-Agency-Flyer.pdf,None stated,hot meal,Verify current meal hours.
Odessa,West Texas,Casa de Amigos,"1101 Garden Lane, Odessa, TX 79762","3rd Tuesday, 9:00am-11:00am",RRULE:FREQ=MONTHLY;BYDAY=3TU,9:00,120,432-682-9701,https://wtxfoodbank.org/wp-content/uploads/2025/09/2025-Agency-Flyer.pdf,None stated,walk-in,Verify current agency hours.
Odessa,West Texas,Catholic Charities,"2500 Andrews Hwy., Odessa, TX 79761","Tuesday-Thursday, 1:00pm-3:00pm","RRULE:FREQ=WEEKLY;BYDAY=TU,WE,TH",13:00,120,432-332-1387,https://wtxfoodbank.org/wp-content/uploads/2025/09/2025-Agency-Flyer.pdf,None stated,walk-in,Verify current agency hours.
Odessa,West Texas,Disciples Food Pantry,"2212 E. 11th St., Odessa, TX 79761","2nd Friday, 11:00am-1:00pm",RRULE:FREQ=MONTHLY;BYDAY=2FR,11:00,120,432-580-3306,https://wtxfoodbank.org/wp-content/uploads/2025/09/2025-Agency-Flyer.pdf,None stated,walk-in,Verify current agency hours.
Odessa,West Texas,Elevate Church,"200 Baldwin St., Odessa, TX 79705","1st and 3rd Saturday, 10:00am-12:00pm","RRULE:FREQ=MONTHLY;BYDAY=1SA,3SA",10:00,120,432-685-1981,https://wtxfoodbank.org/wp-content/uploads/2025/09/2025-Agency-Flyer.pdf,None stated,walk-in,Verify current agency hours.
Odessa,West Texas,Faith Temple Church,"1605 N. Terrell St., Odessa, TX 79763","3rd Saturday, 10:00am-11:30am",RRULE:FREQ=MONTHLY;BYDAY=3SA,10:00,90,432-684-5253,https://wtxfoodbank.org/wp-content/uploads/2025/09/2025-Agency-Flyer.pdf,None stated,walk-in,Verify current agency hours.
Odessa,West Texas,Manna's Kitchen,"1312 S. Jackson St., Odessa, TX 79761","2nd Saturday, 9:00am-11:00am",RRULE:FREQ=MONTHLY;BYDAY=2SA,9:00,120,432-230-0589,https://wtxfoodbank.org/wp-content/uploads/2025/09/2025-Agency-Flyer.pdf,None stated,walk-in,Verify current agency hours.
Odessa,West Texas,Permian Basin Mission Center,"208 N. Adams St., Odessa, TX 79761","Monday-Thursday, 9:00am-12:30pm","RRULE:FREQ=WEEKLY;BYDAY=MO,TU,WE,TH",9:00,210,432-337-0554,https://wtxfoodbank.org/wp-content/uploads/2025/09/2025-Agency-Flyer.pdf,None stated,walk-in,Verify current agency hours.
Odessa,West Texas,St. James Missionary Baptist Church,"1301 W. Tennessee Ave., Odessa, TX 79764","Every Wednesday, 10:00am-12:00pm",RRULE:FREQ=WEEKLY;BYDAY=WE,10:00,120,432-682-2541,https://wtxfoodbank.org/wp-content/uploads/2025/09/2025-Agency-Flyer.pdf,None stated,walk-in,Verify current agency hours.
Odessa,West Texas,Westminster Presbyterian,"4901 Maple Ave., Odessa, TX 79762","Last Saturday, 11:00am-1:00pm",RRULE:FREQ=MONTHLY;BYDAY=-1SA,11:00,120,432-366-1321,https://wtxfoodbank.org/wp-content/uploads/2025/09/2025-Agency-Flyer.pdf,None stated,walk-in,Verify current agency hours.
San Angelo,West Texas,Bethel Methodist,"1605 S. Chadbourne St., San Angelo, TX 76903","Monday, 10:45am-1:00pm",RRULE:FREQ=WEEKLY;BYDAY=MO,10:45,135,,https://www.gosanangelo.com/story/news/local/2025/10/30/need-help-heres-where-to-find-food-pantries-in-san-angelo-area/86981773007/,None stated,walk-in,
San Angelo,West Texas,Bethel United Methodist Church at Nueva Vista,"2401 Lillie St., San Angelo, TX 76903","Every Friday, 10:45am-1:00pm",RRULE:FREQ=WEEKLY;BYDAY=FR,10:45,135,,https://www.gosanangelo.com/story/news/local/2025/10/30/need-help-heres-where-to-find-food-pantries-in-san-angelo-area/86981773007/,None stated,walk-in,
San Angelo,West Texas,Centro Cristiano Beraca,"2900 N. Oakes St., San Angelo, TX 76903","Every Saturday, 9:00am-12:00pm",RRULE:FREQ=WEEKLY;BYDAY=SA,9:00,180,,https://www.gosanangelo.com/story/news/local/2025/10/30/need-help-heres-where-to-find-food-pantries-in-san-angelo-area/86981773007/,None stated,walk-in,
San Angelo,West Texas,Cross Pointe Fellowship Church,"4210 Coliseum Dr., San Angelo, TX 76903","4th Tuesday, 5:30pm-7:00pm",RRULE:FREQ=MONTHLY;BYDAY=4TU,17:30,90,,https://www.gosanangelo.com/story/news/local/2025/10/30/need-help-heres-where-to-find-food-pantries-in-san-angelo-area/86981773007/,None stated,walk-in,
San Angelo,West Texas,Edmund Boulevard Baptist Church,"1405 Edmund Blvd., San Angelo, TX 76903","3rd Thursday, 3:00pm-4:00pm",RRULE:FREQ=MONTHLY;BYDAY=3TH,15:00,60,,https://www.gosanangelo.com/story/news/local/2025/10/30/need-help-heres-where-to-find-food-pantries-in-san-angelo-area/86981773007/,None stated,walk-in,
San Angelo,West Texas,Faithful & Hearty Templo Jerusalem Assembly of God,"1819 Volney St., San Angelo, TX 76903","Every Friday, 9:00am-1:00pm",RRULE:FREQ=WEEKLY;BYDAY=FR,9:00,240,,https://www.gosanangelo.com/story/news/local/2025/10/30/need-help-heres-where-to-find-food-pantries-in-san-angelo-area/86981773007/,None stated,walk-in,
San Angelo,West Texas,First Presbyterian Church,"32 N. Irving St., San Angelo, TX 76903","Monday-Thursday, 2:00pm-4:00pm","RRULE:FREQ=WEEKLY;BYDAY=MO,TU,WE,TH",14:00,120,,https://www.gosanangelo.com/story/news/local/2025/10/30/need-help-heres-where-to-find-food-pantries-in-san-angelo-area/86981773007/,None stated,walk-in,"Bags of food, water and snacks."
San Angelo,West Texas,First United Methodist Church,"37 E. Beauregard Ave., San Angelo, TX 76903","Every Thursday, 1:00pm-4:00pm",RRULE:FREQ=WEEKLY;BYDAY=TH,13:00,180,,https://www.gosanangelo.com/story/news/local/2025/10/30/need-help-heres-where-to-find-food-pantries-in-san-angelo-area/86981773007/,None stated,walk-in,
San Angelo,West Texas,Freedom Fellowship Church,"342 S. Chadbourne St., San Angelo, TX 76903","Every Friday, 1:00pm-6:00pm",RRULE:FREQ=WEEKLY;BYDAY=FR,13:00,300,,https://www.gosanangelo.com/story/news/local/2025/10/30/need-help-heres-where-to-find-food-pantries-in-san-angelo-area/86981773007/,None stated,walk-in,
San Angelo,West Texas,Galilee Missionary Baptist Church,"721 W. 19th St., San Angelo, TX 76903","2nd and 4th Saturday, 11:00am-1:00pm","RRULE:FREQ=MONTHLY;BYDAY=2SA,4SA",11:00,120,325-655-1328,https://www.gosanangelo.com/story/news/local/2025/10/30/need-help-heres-where-to-find-food-pantries-in-san-angelo-area/86981773007/,None stated,walk-in,
San Angelo,West Texas,Mustard Seed Pantry,"4825 Grape Creek Rd., San Angelo, TX 76901","Every Wednesday, 12:30pm-2:30pm",RRULE:FREQ=WEEKLY;BYDAY=WE,12:30,120,,https://www.gosanangelo.com/story/news/local/2025/10/30/need-help-heres-where-to-find-food-pantries-in-san-angelo-area/86981773007/,None stated,walk-in,
San Angelo,West Texas,Project Dignidad,"313 W. Avenue N, San Angelo, TX 76903","Monday-Friday, 9:00am-1:00pm","RRULE:FREQ=WEEKLY;BYDAY=MO,TU,WE,TH,FR",9:00,240,,https://www.gosanangelo.com/story/news/local/2025/10/30/need-help-heres-where-to-find-food-pantries-in-san-angelo-area/86981773007/,None stated,walk-in,Concho Valley listing; verify holiday closures.
San Angelo,West Texas,Rust St. Ministries,"803 Rust St., San Angelo, TX 76903","Monday-Thursday, 9:00am-1:00pm","RRULE:FREQ=WEEKLY;BYDAY=MO,TU,WE,TH",9:00,240,325-486-1004,https://www.gosanangelo.com/story/news/local/2025/10/30/need-help-heres-where-to-find-food-pantries-in-san-angelo-area/86981773007/,None stated,walk-in,Concho Valley listing; verify holiday closures.
San Angelo,West Texas,Rust St. Ministries,"803 Rust St., San Angelo, TX 76903","Friday, 9:00am-12:00pm",RRULE:FREQ=WEEKLY;BYDAY=FR,9:00,180,325-486-1004,https://www.gosanangelo.com/story/news/local/2025/10/30/need-help-heres-where-to-find-food-pantries-in-san-angelo-area/86981773007/,None stated,walk-in,Concho Valley listing; verify holiday closures.
San Angelo,West Texas,St. Paul Presbyterian Church,"11 N. Park St., San Angelo, TX 76901","Monday-Thursday, 1:30pm-3:30pm","RRULE:FREQ=WEEKLY;BYDAY=MO,TU,WE,TH",13:30,120,,https://www.gosanangelo.com/story/news/local/2025/10/30/need-help-heres-where-to-find-food-pantries-in-san-angelo-area/86981773007/,None stated,walk-in,
Abernathy,West Texas Plains,South Plains Food Bank,"811 Ave D Abernathy, TX 79311","4th Monday, 11:30am-1:30pm",RRULE:FREQ=MONTHLY;BYDAY=4MO,11:30,120,806-763-3003,https://www.spfb.org/mobile-pantry/,None,mobile pantry,SPFB mobile pantry page; 120-min duration estimated; confirm monthly calendar.
Hale Center,West Texas Plains,South Plains Food Bank,"306 W 6th St Hale Center, TX 79041","1st Thursday, 10:00am-12:00pm",RRULE:FREQ=MONTHLY;BYDAY=1TH,10:00,120,806-763-3003,https://www.spfb.org/mobile-pantry/,None,mobile pantry,SPFB mobile pantry page; 120-min duration estimated; confirm monthly calendar.
Idalou,West Texas Plains,South Plains Food Bank,"518 Chestnut St Idalou, TX 79329","2nd Tuesday, 10:00am-12:00pm",RRULE:FREQ=MONTHLY;BYDAY=2TU,10:00,120,806-763-3003,https://www.spfb.org/mobile-pantry/,None,mobile pantry,SPFB mobile pantry page; 120-min duration estimated; confirm monthly calendar.
New Deal,West Texas Plains,South Plains Food Bank,"403 S Auburn New Deal, TX 79350","4th Monday, 10:00am-12:00pm",RRULE:FREQ=MONTHLY;BYDAY=4MO,10:00,120,806-763-3003,https://www.spfb.org/mobile-pantry/,None,mobile pantry,SPFB mobile pantry page; 120-min duration estimated; confirm monthly calendar.
Plainview,West Texas Plains,South Plains Food Bank,"201 S I-27 Plainview, TX 79072","1st Thursday, 11:30am-1:30pm",RRULE:FREQ=MONTHLY;BYDAY=1TH,11:30,120,806-763-3003,https://www.spfb.org/mobile-pantry/,None,mobile pantry,SPFB mobile pantry page; 120-min duration estimated; confirm monthly calendar.
Shallowater,West Texas Plains,South Plains Food Bank,"908 Ave J Shallowater, TX 79363","2nd Tuesday, 11:30am-1:30pm",RRULE:FREQ=MONTHLY;BYDAY=2TU,11:30,120,806-763-3003,https://www.spfb.org/mobile-pantry/,None,mobile pantry,SPFB mobile pantry page; 120-min duration estimated; confirm monthly calendar.
Wolfforth,West Texas Plains,South Plains Food Bank,"104 Park Rd Wolfforth, TX 79382","4th Wednesday, 11:30am-1:30pm",RRULE:FREQ=MONTHLY;BYDAY=4WE,11:30,120,806-763-3003,https://www.spfb.org/mobile-pantry/,None,mobile pantry,SPFB mobile pantry page; 120-min duration estimated; confirm monthly calendar.
